Year,Month,Province,District,Suspected_Cases,RDT_Tested,Microscopy_Tested,Confirmed_Cases
2023,1,Lusaka,Lusaka,3976,3451,164,932
2023,2,Lusaka,Lusaka,3930,3478,265,1372
2023,3,Lusaka,Lusaka,4233,3390,145,1267
2023,4,Lusaka,Lusaka,3799,3125,64,1063
2023,5,Lusaka,Lusaka,1671,1347,76,521
2023,6,Lusaka,Lusaka,2002,1772,80,711
2023,7,Lusaka,Lusaka,964,826,52,360
2023,8,Lusaka,Lusaka,944,785,50,329
2023,9,Lusaka,Lusaka,1384,1218,25,345
2023,10,Lusaka,Lusaka,1708,1376,86,399
2023,11,Lusaka,Lusaka,2661,2347,60,798
2023,12,Lusaka,Lusaka,3583,3072,164,937
2023,1,Lusaka,Chongwe,4490,4075,186,1445
2023,2,Lusaka,Chongwe,4128,3589,125,1549
2023,3,Lusaka,Chongwe,3225,2637,180,1150
2023,4,Lusaka,Chongwe,4275,3470,181,1487
2023,5,Lusaka,Chongwe,2383,2117,151,876
2023,6,Lusaka,Chongwe,3202,2584,104,708
2023,7,Lusaka,Chongwe,1189,1023,35,453
2023,8,Lusaka,Chongwe,611,551,27,205
2023,9,Lusaka,Chongwe,975,820,28,367
2023,10,Lusaka,Chongwe,1489,1230,71,398
2023,11,Lusaka,Chongwe,2636,2169,120,560
2023,12,Lusaka,Chongwe,3091,2601,79,986
2023,1,Lusaka,Kafue,3767,3273,202,1173
2023,2,Lusaka,Kafue,4380,3505,217,1072
2023,3,Lusaka,Kafue,3528,2843,120,1041
2023,4,Lusaka,Kafue,4225,3367,157,1169
2023,5,Lusaka,Kafue,2125,1793,94,559
2023,6,Lusaka,Kafue,1262,1016,49,453
2023,7,Lusaka,Kafue,876,736,36,218
2023,8,Lusaka,Kafue,653,515,33,220
2023,9,Lusaka,Kafue,1137,981,48,298
2023,10,Lusaka,Kafue,538,476,19,183
2023,11,Lusaka,Kafue,1276,1106,41,399
2023,12,Lusaka,Kafue,2585,2266,130,569
2023,1,Lusaka,Luangwa,8008,7195,393,1934
2023,2,Lusaka,Luangwa,6212,5760,125,2121
2023,3,Lusaka,Luangwa,6733,5993,343,1757
2023,4,Lusaka,Luangwa,7313,5748,365,2170
2023,5,Lusaka,Luangwa,3667,3007,64,799
2023,6,Lusaka,Luangwa,3573,3193,93,909
2023,7,Lusaka,Luangwa,2773,2441,110,909
2023,8,Lusaka,Luangwa,2186,2024,46,553
2023,9,Lusaka,Luangwa,1675,1459,44,503
2023,10,Lusaka,Luangwa,3373,2829,120,733
2023,11,Lusaka,Luangwa,3736,3215,69,1217
2023,12,Lusaka,Luangwa,4241,3578,169,1355
2023,1,Lusaka,Chilanga,4088,3714,158,1088
2023,2,Lusaka,Chilanga,3919,3356,204,1098
2023,3,Lusaka,Chilanga,5109,4091,184,1055
2023,4,Lusaka,Chilanga,1920,1689,107,617
2023,5,Lusaka,Chilanga,2484,2150,138,830
2023,6,Lusaka,Chilanga,1104,1000,37,328
2023,7,Lusaka,Chilanga,983,903,22,315
2023,8,Lusaka,Chilanga,869,764,51,336
2023,9,Lusaka,Chilanga,834,737,33,308
2023,10,Lusaka,Chilanga,1705,1451,49,512
2023,11,Lusaka,Chilanga,1961,1628,69,564
2023,12,Lusaka,Chilanga,2743,2314,102,696
2023,1,Lusaka,Rufunsa,3854,3460,168,1142
2023,2,Lusaka,Rufunsa,3269,2827,150,1260
2023,3,Lusaka,Rufunsa,4643,3732,140,1095
2023,4,Lusaka,Rufunsa,2917,2558,198,1108
2023,5,Lusaka,Rufunsa,2213,1965,66,644
2023,6,Lusaka,Rufunsa,2159,1875,68,481
2023,7,Lusaka,Rufunsa,715,592,14,257
2023,8,Lusaka,Rufunsa,1014,808,39,328
2023,9,Lusaka,Rufunsa,1763,1613,35,424
2023,10,Lusaka,Rufunsa,1021,809,52,289
2023,11,Lusaka,Rufunsa,3232,2862,100,833
2023,12,Lusaka,Rufunsa,4134,3789,136,983
2023,1,Copperbelt,Kitwe,15090,12670,919,4589
2023,2,Copperbelt,Kitwe,14260,13182,371,3857
2023,3,Copperbelt,Kitwe,19201,15651,795,5003
2023,4,Copperbelt,Kitwe,6383,5219,150,2296
2023,5,Copperbelt,Kitwe,6600,6026,147,1796
2023,6,Copperbelt,Kitwe,5026,4426,136,1674
2023,7,Copperbelt,Kitwe,5188,4613,139,1191
2023,8,Copperbelt,Kitwe,3898,3419,110,1170
2023,9,Copperbelt,Kitwe,7380,5793,419,1543
2023,10,Copperbelt,Kitwe,3435,3082,95,1232
2023,11,Copperbelt,Kitwe,5165,4645,103,1856
2023,12,Copperbelt,Kitwe,5172,4511,119,1608
2023,1,Copperbelt,Ndola,4711,4065,103,1700
2023,2,Copperbelt,Ndola,8580,7223,425,2319
2023,3,Copperbelt,Ndola,13936,11306,455,3683
2023,4,Copperbelt,Ndola,9162,8102,615,2561
2023,5,Copperbelt,Ndola,4724,3925,91,1614
2023,6,Copperbelt,Ndola,4149,3425,268,860
2023,7,Copperbelt,Ndola,2909,2358,76,985
2023,8,Copperbelt,Ndola,2499,2019,126,719
2023,9,Copperbelt,Ndola,2364,1994,94,646
2023,10,Copperbelt,Ndola,2602,2410,68,645
2023,11,Copperbelt,Ndola,3736,3158,204,1327
2023,12,Copperbelt,Ndola,4261,3570,81,1408
2023,1,Copperbelt,Mufulira,8646,7333,546,2763
2023,2,Copperbelt,Mufulira,9987,8132,601,3194
2023,3,Copperbelt,Mufulira,5080,4576,109,1631
2023,4,Copperbelt,Mufulira,10174,8916,549,3532
2023,5,Copperbelt,Mufulira,5602,5040,144,2045
2023,6,Copperbelt,Mufulira,6936,5957,310,1612
2023,7,Copperbelt,Mufulira,4970,4433,293,1471
2023,8,Copperbelt,Mufulira,2049,1606,111,594
2023,9,Copperbelt,Mufulira,1366,1248,35,540
2023,10,Copperbelt,Mufulira,3724,2965,222,802
2023,11,Copperbelt,Mufulira,3330,2901,216,1213
2023,12,Copperbelt,Mufulira,7130,6253,249,2611
2023,1,Copperbelt,Chingola,6318,5475,219,1374
2023,2,Copperbelt,Chingola,12845,10798,693,3449
2023,3,Copperbelt,Chingola,8456,7124,533,2378
2023,4,Copperbelt,Chingola,5108,4151,127,1589
2023,5,Copperbelt,Chingola,5130,4195,136,1678
2023,6,Copperbelt,Chingola,2722,2438,131,840
2023,7,Copperbelt,Chingola,2312,2086,61,755
2023,8,Copperbelt,Chingola,3685,3133,183,953
2023,9,Copperbelt,Chingola,2167,1992,42,766
2023,10,Copperbelt,Chingola,3837,3443,89,1025
2023,11,Copperbelt,Chingola,6313,5137,193,1495
2023,12,Copperbelt,Chingola,8642,7371,227,1882
2023,1,Copperbelt,Luanshya,8707,7360,327,2759
2023,2,Copperbelt,Luanshya,10484,8638,245,3479
2023,3,Copperbelt,Luanshya,22158,18387,965,5585
2023,4,Copperbelt,Luanshya,9772,8639,445,3861
2023,5,Copperbelt,Luanshya,7973,7298,150,2126
2023,6,Copperbelt,Luanshya,7097,6222,372,2303
2023,7,Copperbelt,Luanshya,5464,4833,310,1369
2023,8,Copperbelt,Luanshya,5186,4302,177,1324
2023,9,Copperbelt,Luanshya,3581,3288,108,1304
2023,10,Copperbelt,Luanshya,3107,2676,149,935
2023,11,Copperbelt,Luanshya,6226,5476,252,2123
2023,12,Copperbelt,Luanshya,12802,10987,608,3345
2023,1,Copperbelt,Kalulushi,9769,7960,544,3156
2023,2,Copperbelt,Kalulushi,15350,12400,412,4314
2023,3,Copperbelt,Kalulushi,19684,16936,1047,4349
2023,4,Copperbelt,Kalulushi,10512,8615,337,3609
2023,5,Copperbelt,Kalulushi,8354,6931,279,2698
2023,6,Copperbelt,Kalulushi,4454,3748,146,1530
2023,7,Copperbelt,Kalulushi,3808,3199,255,1311
2023,8,Copperbelt,Kalulushi,4058,3161,228,1187
2023,9,Copperbelt,Kalulushi,3810,3348,138,911
2023,10,Copperbelt,Kalulushi,7814,6499,515,1648
2023,11,Copperbelt,Kalulushi,7529,6244,478,2659
2023,12,Copperbelt,Kalulushi,6833,6141,207,2165
2023,1,Copperbelt,Chililabombwe,11751,10263,528,3792
2023,2,Copperbelt,Chililabombwe,13728,12218,792,4577
2023,3,Copperbelt,Chililabombwe,6538,5820,128,2447
2023,4,Copperbelt,Chililabombwe,12073,10251,208,3081
2023,5,Copperbelt,Chililabombwe,7791,6437,152,2886
2023,6,Copperbelt,Chililabombwe,5444,4385,230,1677
2023,7,Copperbelt,Chililabombwe,5410,4792,191,1352
2023,8,Copperbelt,Chililabombwe,6595,5148,375,1482
2023,9,Copperbelt,Chililabombwe,3680,3184,63,1375
2023,10,Copperbelt,Chililabombwe,5649,4793,189,1279
2023,11,Copperbelt,Chililabombwe,7593,6671,140,2046
2023,12,Copperbelt,Chililabombwe,6799,5921,398,2373
2023,1,Copperbelt,Lufwanyama,9059,8108,464,2588
2023,2,Copperbelt,Lufwanyama,8003,7439,159,2988
2023,3,Copperbelt,Lufwanyama,13337,11088,885,3379
2023,4,Copperbelt,Lufwanyama,5041,4594,152,1786
2023,5,Copperbelt,Lufwanyama,11214,9359,717,3149
2023,6,Copperbelt,Lufwanyama,5500,4447,198,1987
2023,7,Copperbelt,Lufwanyama,2746,2192,106,927
2023,8,Copperbelt,Lufwanyama,2385,1914,135,774
2023,9,Copperbelt,Lufwanyama,2015,1800,88,737
2023,10,Copperbelt,Lufwanyama,4510,4057,200,1177
2023,11,Copperbelt,Lufwanyama,5207,4585,111,1157
2023,12,Copperbelt,Lufwanyama,8682,6943,497,2701
2023,1,Copperbelt,Mpongwe,7460,6735,360,2630
2023,2,Copperbelt,Mpongwe,12774,11773,258,3769
2023,3,Copperbelt,Mpongwe,12269,11178,335,3242
2023,4,Copperbelt,Mpongwe,8913,7702,178,3368
2023,5,Copperbelt,Mpongwe,9722,8012,198,3309
2023,6,Copperbelt,Mpongwe,6387,5238,270,1984
2023,7,Copperbelt,Mpongwe,3141,2637,156,1076
2023,8,Copperbelt,Mpongwe,2555,2065,162,928
2023,9,Copperbelt,Mpongwe,3471,2928,189,1158
2023,10,Copperbelt,Mpongwe,3150,2543,125,1005
2023,11,Copperbelt,Mpongwe,8135,6722,385,1964
2023,12,Copperbelt,Mpongwe,8578,7667,235,3311
2023,1,Copperbelt,Masaiti,7395,6163,342,2040
2023,2,Copperbelt,Masaiti,19060,15491,680,4840
2023,3,Copperbelt,Masaiti,19572,16340,1193,4852
2023,4,Copperbelt,Masaiti,17710,14862,698,4149
2023,5,Copperbelt,Masaiti,7103,5987,373,2433
2023,6,Copperbelt,Masaiti,6664,5781,457,1485
2023,7,Copperbelt,Masaiti,3455,2935,179,1077
2023,8,Copperbelt,Masaiti,5509,4494,352,1414
2023,9,Copperbelt,Masaiti,5572,4549,130,1258
2023,10,Copperbelt,Masaiti,2754,2466,72,977
2023,11,Copperbelt,Masaiti,7207,6004,160,2424
2023,12,Copperbelt,Masaiti,9666,8024,481,3333
2023,1,Central,Kabwe,7663,6678,295,2843
2023,2,Central,Kabwe,7573,6174,284,2529
2023,3,Central,Kabwe,10188,8659,534,2851
2023,4,Central,Kabwe,7472,6396,156,1890
2023,5,Central,Kabwe,7564,6845,333,2422
2023,6,Central,Kabwe,5529,4606,239,1686
2023,7,Central,Kabwe,4427,3783,77,1094
2023,8,Central,Kabwe,3499,2949,224,773
2023,9,Central,Kabwe,1904,1651,86,678
2023,10,Central,Kabwe,2387,2158,58,718
2023,11,Central,Kabwe,3867,3128,110,1137
2023,12,Central,Kabwe,10832,8585,497,2221
2023,1,Central,Chibombo,14334,11605,483,3307
2023,2,Central,Chibombo,22969,18333,1171,5691
2023,3,Central,Chibombo,20262,16600,566,4658
2023,4,Central,Chibombo,13471,12056,407,3767
2023,5,Central,Chibombo,7219,5939,331,1811
2023,6,Central,Chibombo,9393,7698,311,1949
2023,7,Central,Chibombo,2534,2163,120,820
2023,8,Central,Chibombo,4264,3465,242,1173
2023,9,Central,Chibombo,3805,3369,159,998
2023,10,Central,Chibombo,2614,2271,106,1020
2023,11,Central,Chibombo,6462,5557,247,1579
2023,12,Central,Chibombo,7149,6033,127,2684
2023,1,Central,Kapiri Mposhi,7637,6421,362,2716
2023,2,Central,Kapiri Mposhi,7617,6613,267,1954
2023,3,Central,Kapiri Mposhi,5761,5001,362,2193
2023,4,Central,Kapiri Mposhi,7559,6489,324,2130
2023,5,Central,Kapiri Mposhi,13554,11191,366,3114
2023,6,Central,Kapiri Mposhi,4607,4005,195,1462
2023,7,Central,Kapiri Mposhi,2042,1661,115,732
2023,8,Central,Kapiri Mposhi,3078,2576,63,764
2023,9,Central,Kapiri Mposhi,2022,1884,37,792
2023,10,Central,Kapiri Mposhi,2157,1934,60,702
2023,11,Central,Kapiri Mposhi,8421,7042,172,2001
2023,12,Central,Kapiri Mposhi,5765,5026,291,1878
2023,1,Central,Mkushi,7612,6348,464,1753
2023,2,Central,Mkushi,10547,8507,544,3535
2023,3,Central,Mkushi,9534,8777,288,3134
2023,4,Central,Mkushi,11894,10104,534,2748
2023,5,Central,Mkushi,5895,5049,220,1642
2023,6,Central,Mkushi,4057,3565,164,1382
2023,7,Central,Mkushi,2869,2562,145,967
2023,8,Central,Mkushi,2904,2593,157,914
2023,9,Central,Mkushi,2039,1738,111,767
2023,10,Central,Mkushi,2504,2257,70,863
2023,11,Central,Mkushi,7202,6106,476,1627
2023,12,Central,Mkushi,7374,6285,171,1830
2023,1,Central,Mumbwa,8438,6876,472,2748
2023,2,Central,Mumbwa,17523,15081,638,4448
2023,3,Central,Mumbwa,19658,15972,1169,4624
2023,4,Central,Mumbwa,5850,5003,375,2098
2023,5,Central,Mumbwa,6134,5259,161,2005
2023,6,Central,Mumbwa,8242,6919,193,1958
2023,7,Central,Mumbwa,2897,2438,135,874
2023,8,Central,Mumbwa,2522,2048,119,870
2023,9,Central,Mumbwa,1815,1594,41,715
2023,10,Central,Mumbwa,1969,1729,98,686
2023,11,Central,Mumbwa,8554,6973,267,1951
2023,12,Central,Mumbwa,5574,4561,333,1799
2023,1,Central,Serenje,4566,4030,255,1419
2023,2,Central,Serenje,5778,4799,268,1667
2023,3,Central,Serenje,4685,4208,178,1490
2023,4,Central,Serenje,8535,6860,467,1801
2023,5,Central,Serenje,4825,3794,232,1084
2023,6,Central,Serenje,2744,2307,69,1029
2023,7,Central,Serenje,4065,3502,249,915
2023,8,Central,Serenje,2523,2029,154,684
2023,9,Central,Serenje,2046,1845,43,464
2023,10,Central,Serenje,1987,1782,37,614
2023,11,Central,Serenje,3049,2516,73,764
2023,12,Central,Serenje,4059,3352,130,1070
2023,1,Central,Itezhi-Tezhi,9674,7926,533,3294
2023,2,Central,Itezhi-Tezhi,19325,15611,601,4959
2023,3,Central,Itezhi-Tezhi,12110,10251,453,3029
2023,4,Central,Itezhi-Tezhi,12499,10476,741,3093
2023,5,Central,Itezhi-Tezhi,9097,7812,507,2672
2023,6,Central,Itezhi-Tezhi,3371,2809,189,1252
2023,7,Central,Itezhi-Tezhi,6539,5540,152,1405
2023,8,Central,Itezhi-Tezhi,2736,2267,147,821
2023,9,Central,Itezhi-Tezhi,2063,1772,74,726
2023,10,Central,Itezhi-Tezhi,4248,3873,120,1120
2023,11,Central,Itezhi-Tezhi,9965,8227,607,2379
2023,12,Central,Itezhi-Tezhi,7097,5752,240,2144
2023,1,Central,Chitambo,4660,4150,236,1403
2023,2,Central,Chitambo,4656,3721,167,1650
2023,3,Central,Chitambo,10444,9024,187,2549
2023,4,Central,Chitambo,10058,8770,560,2332
2023,5,Central,Chitambo,4993,4174,289,1437
2023,6,Central,Chitambo,3400,2854,86,905
2023,7,Central,Chitambo,1617,1388,79,528
2023,8,Central,Chitambo,1377,1164,32,439
2023,9,Central,Chitambo,2368,2027,142,599
2023,10,Central,Chitambo,1670,1533,50,477
2023,11,Central,Chitambo,3552,3078,184,1255
2023,12,Central,Chitambo,4255,3633,170,989
2023,1,Central,Luano,5916,5370,243,1362
2023,2,Central,Luano,4805,3891,270,1730
2023,3,Central,Luano,8252,7480,247,2543
2023,4,Central,Luano,9078,7459,276,2711
2023,5,Central,Luano,6606,5299,214,1675
2023,6,Central,Luano,4602,4038,184,1240
2023,7,Central,Luano,2314,1927,123,670
2023,8,Central,Luano,1928,1636,35,722
2023,9,Central,Luano,1028,841,39,370
2023,10,Central,Luano,2728,2139,143,635
2023,11,Central,Luano,3815,3272,73,820
2023,12,Central,Luano,3882,3240,156,1102
2023,1,Central,Ngabwe,6961,6384,211,1606
2023,2,Central,Ngabwe,9806,8531,433,3109
2023,3,Central,Ngabwe,10685,8613,434,2748
2023,4,Central,Ngabwe,9897,8518,385,2802
2023,5,Central,Ngabwe,5193,4625,320,2040
2023,6,Central,Ngabwe,6057,4975,279,1303
2023,7,Central,Ngabwe,2777,2459,160,821
2023,8,Central,Ngabwe,1723,1472,89,565
2023,9,Central,Ngabwe,1964,1730,109,735
2023,10,Central,Ngabwe,3390,2984,61,831
2023,11,Central,Ngabwe,4281,3549,144,1284
2023,12,Central,Ngabwe,4379,3785,228,1272
2023,1,Central,Shibuyunji,5913,5212,341,1907
2023,2,Central,Shibuyunji,10394,9292,545,2631
2023,3,Central,Shibuyunji,10701,8847,626,2391
2023,4,Central,Shibuyunji,5306,4309,129,1168
2023,5,Central,Shibuyunji,3948,3449,150,1148
2023,6,Central,Shibuyunji,2751,2387,100,996
2023,7,Central,Shibuyunji,2112,1730,37,485
2023,8,Central,Shibuyunji,3595,2907,202,934
2023,9,Central,Shibuyunji,1466,1212,84,360
2023,10,Central,Shibuyunji,3022,2442,163,712
2023,11,Central,Shibuyunji,2758,2419,154,828
2023,12,Central,Shibuyunji,5174,4442,183,1643
2023,1,Southern,Choma,5109,4172,152,1706
2023,2,Southern,Choma,6290,5614,208,1825
2023,3,Southern,Choma,6115,4915,268,1713
2023,4,Southern,Choma,3825,3476,111,1534
2023,5,Southern,Choma,3578,2956,70,1267
2023,6,Southern,Choma,3273,2663,163,920
2023,7,Southern,Choma,854,733,50,236
2023,8,Southern,Choma,2494,2010,131,560
2023,9,Southern,Choma,1558,1354,34,505
2023,10,Southern,Choma,2240,1759,120,479
2023,11,Southern,Choma,2960,2568,63,796
2023,12,Southern,Choma,4800,4251,144,1314
2023,1,Southern,Livingstone,3198,2578,141,656
2023,2,Southern,Livingstone,1291,1082,33,435
2023,3,Southern,Livingstone,2405,2014,117,727
2023,4,Southern,Livingstone,1820,1463,109,401
2023,5,Southern,Livingstone,1193,1029,65,427
2023,6,Southern,Livingstone,859,705,51,260
2023,7,Southern,Livingstone,936,742,56,198
2023,8,Southern,Livingstone,478,414,18,182
2023,9,Southern,Livingstone,682,545,29,141
2023,10,Southern,Livingstone,878,792,29,227
2023,11,Southern,Livingstone,1701,1341,77,463
2023,12,Southern,Livingstone,2268,1840,106,501
2023,1,Southern,Mazabuka,1813,1565,111,649
2023,2,Southern,Mazabuka,2421,2180,82,810
2023,3,Southern,Mazabuka,4890,4050,177,1535
2023,4,Southern,Mazabuka,3680,3213,163,875
2023,5,Southern,Mazabuka,2703,2302,103,633
2023,6,Southern,Mazabuka,1529,1272,84,515
2023,7,Southern,Mazabuka,419,368,25,149
2023,8,Southern,Mazabuka,1387,1166,44,292
2023,9,Southern,Mazabuka,639,514,34,221
2023,10,Southern,Mazabuka,598,491,24,147
2023,11,Southern,Mazabuka,1207,961,50,431
2023,12,Southern,Mazabuka,1981,1634,109,612
2023,1,Southern,Monze,3599,2903,170,821
2023,2,Southern,Monze,3461,2742,168,1064
2023,3,Southern,Monze,4548,3764,143,1254
2023,4,Southern,Monze,3227,2847,150,1145
2023,5,Southern,Monze,2793,2261,166,783
2023,6,Southern,Monze,920,740,32,259
2023,7,Southern,Monze,1024,919,28,399
2023,8,Southern,Monze,921,771,60,340
2023,9,Southern,Monze,1491,1221,57,362
2023,10,Southern,Monze,1279,1134,77,409
2023,11,Southern,Monze,1933,1719,60,708
2023,12,Southern,Monze,2766,2285,176,1024
2023,1,Southern,Namwala,3674,2866,215,1149
2023,2,Southern,Namwala,3116,2710,160,872
2023,3,Southern,Namwala,6038,5535,184,1944
2023,4,Southern,Namwala,4029,3294,168,1206
2023,5,Southern,Namwala,3224,2699,198,1186
2023,6,Southern,Namwala,2622,2141,85,615
2023,7,Southern,Namwala,1600,1371,69,601
2023,8,Southern,Namwala,1358,1118,32,426
2023,9,Southern,Namwala,1848,1545,42,398
2023,10,Southern,Namwala,1340,1235,41,384
2023,11,Southern,Namwala,2744,2190,141,838
2023,12,Southern,Namwala,3005,2434,102,697
2023,1,Southern,Kalomo,1771,1575,93,580
2023,2,Southern,Kalomo,2883,2588,58,1140
2023,3,Southern,Kalomo,2482,2147,56,863
2023,4,Southern,Kalomo,1333,1071,51,421
2023,5,Southern,Kalomo,2242,1945,133,593
2023,6,Southern,Kalomo,889,708,38,280
2023,7,Southern,Kalomo,534,454,29,185
2023,8,Southern,Kalomo,658,578,45,208
2023,9,Southern,Kalomo,989,818,55,234
2023,10,Southern,Kalomo,736,597,43,184
2023,11,Southern,Kalomo,1270,1001,70,365
2023,12,Southern,Kalomo,1774,1472,58,551
2023,1,Southern,Siavonga,3833,3201,128,854
2023,2,Southern,Siavonga,3719,3057,205,1242
2023,3,Southern,Siavonga,3218,2822,58,1222
2023,4,Southern,Siavonga,4442,3984,203,1159
2023,5,Southern,Siavonga,2805,2310,122,869
2023,6,Southern,Siavonga,2215,1865,115,627
2023,7,Southern,Siavonga,928,785,33,307
2023,8,Southern,Siavonga,2076,1888,57,473
2023,9,Southern,Siavonga,760,639,13,280
2023,10,Southern,Siavonga,809,647,33,283
2023,11,Southern,Siavonga,2594,2186,71,870
2023,12,Southern,Siavonga,3923,3123,223,1285
2023,1,Southern,Sinazongwe,1915,1695,106,506
2023,2,Southern,Sinazongwe,2274,1986,47,595
2023,3,Southern,Sinazongwe,2814,2223,171,592
2023,4,Southern,Sinazongwe,2001,1620,104,605
2023,5,Southern,Sinazongwe,1180,990,54,430
2023,6,Southern,Sinazongwe,781,680,39,232
2023,7,Southern,Sinazongwe,407,358,27,136
2023,8,Southern,Sinazongwe,446,390,29,136
2023,9,Southern,Sinazongwe,664,602,17,182
2023,10,Southern,Sinazongwe,867,769,29,237
2023,11,Southern,Sinazongwe,1300,1041,72,334
2023,12,Southern,Sinazongwe,1690,1330,101,467
2023,1,Southern,Gwembe,4453,3624,185,1159
2023,2,Southern,Gwembe,5181,4450,211,1376
2023,3,Southern,Gwembe,7031,5602,360,1882
2023,4,Southern,Gwembe,7209,5732,366,1908
2023,5,Southern,Gwembe,4745,4190,137,1147
2023,6,Southern,Gwembe,1997,1665,131,607
2023,7,Southern,Gwembe,1571,1365,89,454
2023,8,Southern,Gwembe,1317,1053,48,460
2023,9,Southern,Gwembe,740,583,38,225
2023,10,Southern,Gwembe,1600,1339,44,572
2023,11,Southern,Gwembe,3342,2701,129,1082
2023,12,Southern,Gwembe,2869,2448,108,1014
2023,1,Southern,Kazungula,1661,1519,48,654
2023,2,Southern,Kazungula,2526,2230,54,847
2023,3,Southern,Kazungula,4192,3642,149,1071
2023,4,Southern,Kazungula,2103,1904,39,746
2023,5,Southern,Kazungula,1514,1255,83,516
2023,6,Southern,Kazungula,2326,1920,115,534
2023,7,Southern,Kazungula,822,651,42,279
2023,8,Southern,Kazungula,817,709,20,267
2023,9,Southern,Kazungula,1011,904,31,283
2023,10,Southern,Kazungula,966,791,33,308
2023,11,Southern,Kazungula,1389,1127,40,438
2023,12,Southern,Kazungula,1584,1378,76,405
2023,1,Southern,Zimba,2096,1685,113,753
2023,2,Southern,Zimba,2136,1696,124,565
2023,3,Southern,Zimba,2808,2415,77,811
2023,4,Southern,Zimba,1596,1258,78,519
2023,5,Southern,Zimba,1965,1764,106,724
2023,6,Southern,Zimba,1381,1162,82,498
2023,7,Southern,Zimba,687,568,11,144
2023,8,Southern,Zimba,365,315,14,138
2023,9,Southern,Zimba,560,494,29,196
2023,10,Southern,Zimba,969,818,47,306
2023,11,Southern,Zimba,1843,1522,116,521
2023,12,Southern,Zimba,3084,2437,142,636
2023,1,Southern,Chikankata,1591,1460,47,486
2023,2,Southern,Chikankata,1751,1521,46,388
2023,3,Southern,Chikankata,3426,2691,207,1017
2023,4,Southern,Chikankata,3000,2461,136,662
2023,5,Southern,Chikankata,1415,1186,41,443
2023,6,Southern,Chikankata,798,697,50,286
2023,7,Southern,Chikankata,1072,852,48,316
2023,8,Southern,Chikankata,425,362,26,139
2023,9,Southern,Chikankata,706,638,30,181
2023,10,Southern,Chikankata,1050,945,27,238
2023,11,Southern,Chikankata,427,373,15,155
2023,12,Southern,Chikankata,1818,1667,64,518
2023,1,Eastern,Chipata,21703,19174,1329,5969
2023,2,Eastern,Chipata,11234,9555,685,3874
2023,3,Eastern,Chipata,13253,10877,536,3144
2023,4,Eastern,Chipata,6993,6017,238,1994
2023,5,Eastern,Chipata,6827,5837,178,2570
2023,6,Eastern,Chipata,7559,6660,397,2161
2023,7,Eastern,Chipata,11951,9876,305,2901
2023,8,Eastern,Chipata,5410,4585,311,1490
2023,9,Eastern,Chipata,3795,3201,97,1310
2023,10,Eastern,Chipata,7139,5697,411,1425
2023,11,Eastern,Chipata,7669,6924,284,2366
2023,12,Eastern,Chipata,17995,14951,1113,4450
2023,1,Eastern,Petauke,17484,14399,731,5790
2023,2,Eastern,Petauke,18667,15914,361,6407
2023,3,Eastern,Petauke,23748,20207,553,8178
2023,4,Eastern,Petauke,28358,23209,1112,7362
2023,5,Eastern,Petauke,17811,15332,357,4446
2023,6,Eastern,Petauke,6375,5575,233,2428
2023,7,Eastern,Petauke,9437,8256,372,2531
2023,8,Eastern,Petauke,3981,3527,111,1343
2023,9,Eastern,Petauke,5232,4423,330,1416
2023,10,Eastern,Petauke,9016,8119,297,3320
2023,11,Eastern,Petauke,9133,7246,380,3249
2023,12,Eastern,Petauke,13775,12070,439,4732
2023,1,Eastern,Katete,17002,13800,824,4750
2023,2,Eastern,Katete,22332,20231,412,5283
2023,3,Eastern,Katete,20622,16190,1193,6912
2023,4,Eastern,Katete,21340,17373,795,5532
2023,5,Eastern,Katete,10053,8748,433,2691
2023,6,Eastern,Katete,4283,3549,144,1528
2023,7,Eastern,Katete,8527,6795,403,2469
2023,8,Eastern,Katete,3799,3219,175,872
2023,9,Eastern,Katete,2773,2363,51,940
2023,10,Eastern,Katete,3683,2878,198,1260
2023,11,Eastern,Katete,11515,9698,596,2527
2023,12,Eastern,Katete,11302,9425,652,3909
2023,1,Eastern,Lundazi,11735,9702,284,3507
2023,2,Eastern,Lundazi,22208,17854,1173,6522
2023,3,Eastern,Lundazi,16711,14653,360,5654
2023,4,Eastern,Lundazi,19945,16129,643,6030
2023,5,Eastern,Lundazi,13557,12032,799,4241
2023,6,Eastern,Lundazi,14926,12874,504,3339
2023,7,Eastern,Lundazi,8033,7159,262,2560
2023,8,Eastern,Lundazi,7193,5918,302,1740
2023,9,Eastern,Lundazi,3922,3213,124,972
2023,10,Eastern,Lundazi,7543,6873,267,1844
2023,11,Eastern,Lundazi,6731,6045,359,2592
2023,12,Eastern,Lundazi,14986,12200,444,4386
2023,1,Eastern,Nyimba,8568,7346,453,2884
2023,2,Eastern,Nyimba,13415,11255,483,3112
2023,3,Eastern,Nyimba,10826,9658,369,3247
2023,4,Eastern,Nyimba,11261,9201,428,3341
2023,5,Eastern,Nyimba,3635,3309,76,1360
2023,6,Eastern,Nyimba,5194,4748,174,1453
2023,7,Eastern,Nyimba,5487,4417,315,1113
2023,8,Eastern,Nyimba,3375,2917,69,733
2023,9,Eastern,Nyimba,2548,2322,73,819
2023,10,Eastern,Nyimba,3717,3360,85,899
2023,11,Eastern,Nyimba,7074,5919,236,1811
2023,12,Eastern,Nyimba,8887,7957,262,2869
2023,1,Eastern,Sinda,22728,19635,818,5962
2023,2,Eastern,Sinda,22637,19640,1148,5670
2023,3,Eastern,Sinda,26838,23655,1056,7002
2023,4,Eastern,Sinda,30384,25858,1662,7273
2023,5,Eastern,Sinda,13933,11297,331,5067
2023,6,Eastern,Sinda,10872,9342,417,3493
2023,7,Eastern,Sinda,13097,10554,802,3064
2023,8,Eastern,Sinda,6484,5678,408,1707
2023,9,Eastern,Sinda,7001,5816,323,2241
2023,10,Eastern,Sinda,9380,8145,501,2405
2023,11,Eastern,Sinda,21900,18676,520,4893
2023,12,Eastern,Sinda,12199,11251,234,3860
2023,1,Eastern,Chadiza,13248,11085,703,4263
2023,2,Eastern,Chadiza,19548,17328,372,4907
2023,3,Eastern,Chadiza,12798,11133,799,4565
2023,4,Eastern,Chadiza,12302,10236,582,4274
2023,5,Eastern,Chadiza,8336,7501,296,3262
2023,6,Eastern,Chadiza,6998,5811,160,1601
2023,7,Eastern,Chadiza,4826,3921,288,1230
2023,8,Eastern,Chadiza,3752,2965,204,796
2023,9,Eastern,Chadiza,2391,1995,85,823
2023,10,Eastern,Chadiza,2681,2416,106,1076
2023,11,Eastern,Chadiza,4214,3662,177,1150
2023,12,Eastern,Chadiza,10154,8971,538,3568
2023,1,Eastern,Vubwi,13051,10905,278,4896
2023,2,Eastern,Vubwi,28279,24157,810,7163
2023,3,Eastern,Vubwi,27947,22836,1513,6978
2023,4,Eastern,Vubwi,14152,12305,446,4364
2023,5,Eastern,Vubwi,10385,9218,485,4106
2023,6,Eastern,Vubwi,10975,8532,643,3383
2023,7,Eastern,Vubwi,6626,5773,221,2224
2023,8,Eastern,Vubwi,5508,4952,237,2046
2023,9,Eastern,Vubwi,6780,5544,148,1504
2023,10,Eastern,Vubwi,6466,5552,262,1829
2023,11,Eastern,Vubwi,15089,12907,461,3693
2023,12,Eastern,Vubwi,14689,13243,553,3422
2023,1,Eastern,Mambwe,27476,21978,1185,5843
2023,2,Eastern,Mambwe,16645,13639,338,5035
2023,3,Eastern,Mambwe,29931,24940,1212,6635
2023,4,Eastern,Mambwe,21736,18725,1465,7959
2023,5,Eastern,Mambwe,21368,17018,933,6012
2023,6,Eastern,Mambwe,9275,7719,194,3447
2023,7,Eastern,Mambwe,10918,9894,424,3748
2023,8,Eastern,Mambwe,11368,9057,627,2352
2023,9,Eastern,Mambwe,7017,5732,398,2069
2023,10,Eastern,Mambwe,9220,7802,259,2895
2023,11,Eastern,Mambwe,17022,14153,931,5249
2023,12,Eastern,Mambwe,25402,22213,713,6373
2023,1,Eastern,Chasefu,12429,11279,546,3258
2023,2,Eastern,Chasefu,13863,11077,738,4802
2023,3,Eastern,Chasefu,17343,14698,813,4646
2023,4,Eastern,Chasefu,14993,13749,411,5309
2023,5,Eastern,Chasefu,9001,8032,204,3499
2023,6,Eastern,Chasefu,6397,5313,314,1768
2023,7,Eastern,Chasefu,5958,5469,165,1904
2023,8,Eastern,Chasefu,2668,2229,103,906
2023,9,Eastern,Chasefu,4758,3809,295,1476
2023,10,Eastern,Chasefu,10495,9004,617,2602
2023,11,Eastern,Chasefu,11387,9256,285,2440
2023,12,Eastern,Chasefu,12246,10450,246,3801
2023,1,Eastern,Lumezi,25865,22448,999,6185
2023,2,Eastern,Lumezi,28179,23717,821,7589
2023,3,Eastern,Lumezi,22591,19410,1351,5121
2023,4,Eastern,Lumezi,16932,14563,462,4842
2023,5,Eastern,Lumezi,11883,10060,237,4350
2023,6,Eastern,Lumezi,10484,9468,370,2540
2023,7,Eastern,Lumezi,7324,6241,392,1599
2023,8,Eastern,Lumezi,6099,5267,291,1445
2023,9,Eastern,Lumezi,5318,4674,165,1445
2023,10,Eastern,Lumezi,5507,4923,272,1816
2023,11,Eastern,Lumezi,8535,7064,444,2858
2023,12,Eastern,Lumezi,11546,9795,391,2970
2023,1,Western,Mongu,6885,5507,439,2403
2023,2,Western,Mongu,8332,7532,250,2269
2023,3,Western,Mongu,8177,6594,431,1964
2023,4,Western,Mongu,4913,3996,263,1624
2023,5,Western,Mongu,3037,2513,160,966
2023,6,Western,Mongu,2681,2335,79,932
2023,7,Western,Mongu,1261,1042,43,450
2023,8,Western,Mongu,1505,1237,48,371
2023,9,Western,Mongu,1066,934,61,394
2023,10,Western,Mongu,2085,1859,94,705
2023,11,Western,Mongu,4839,4087,315,1134
2023,12,Western,Mongu,5625,4735,132,1997
2023,1,Western,Senanga,12505,10215,392,3858
2023,2,Western,Senanga,16460,13428,653,4184
2023,3,Western,Senanga,18531,15297,736,5055
2023,4,Western,Senanga,13345,10871,445,2872
2023,5,Western,Senanga,7305,5940,165,2511
2023,6,Western,Senanga,6792,5891,177,1675
2023,7,Western,Senanga,5488,4691,205,1232
2023,8,Western,Senanga,3831,3030,223,1253
2023,9,Western,Senanga,4405,3564,270,924
2023,10,Western,Senanga,3631,3071,166,999
2023,11,Western,Senanga,8449,6945,256,2449
2023,12,Western,Senanga,9566,8480,326,3317
2023,1,Western,Sesheke,5485,4786,359,1914
2023,2,Western,Sesheke,7679,6259,402,2131
2023,3,Western,Sesheke,4904,4246,93,1632
2023,4,Western,Sesheke,6957,5956,427,1964
2023,5,Western,Sesheke,2134,1975,53,871
2023,6,Western,Sesheke,3354,2886,120,851
2023,7,Western,Sesheke,1581,1343,94,480
2023,8,Western,Sesheke,2318,2119,83,650
2023,9,Western,Sesheke,1097,964,61,333
2023,10,Western,Sesheke,1583,1326,27,465
2023,11,Western,Sesheke,2857,2480,78,968
2023,12,Western,Sesheke,6601,5790,156,2216
2023,1,Western,Kaoma,12743,10244,445,2928
2023,2,Western,Kaoma,10332,8495,364,3791
2023,3,Western,Kaoma,14703,11978,877,5193
2023,4,Western,Kaoma,9007,7715,448,2413
2023,5,Western,Kaoma,11651,10289,352,2977
2023,6,Western,Kaoma,4990,4319,299,1393
2023,7,Western,Kaoma,5839,5223,318,1664
2023,8,Western,Kaoma,2985,2605,89,969
2023,9,Western,Kaoma,2432,1978,58,861
2023,10,Western,Kaoma,3414,2869,152,1225
2023,11,Western,Kaoma,5579,4497,181,1808
2023,12,Western,Kaoma,11395,9829,348,2555
2023,1,Western,Kalabo,21301,17488,1312,5038
2023,2,Western,Kalabo,11791,9399,637,3713
2023,3,Western,Kalabo,12349,10407,450,2732
2023,4,Western,Kalabo,13023,11816,391,4518
2023,5,Western,Kalabo,8522,7151,312,2548
2023,6,Western,Kalabo,9336,7818,469,3019
2023,7,Western,Kalabo,3977,3333,94,1092
2023,8,Western,Kalabo,3246,2724,194,1063
2023,9,Western,Kalabo,5031,4115,290,1118
2023,10,Western,Kalabo,3957,3255,105,1194
2023,11,Western,Kalabo,5465,4796,322,1909
2023,12,Western,Kalabo,7345,5940,416,2374
2023,1,Western,Shang'ombo,4084,3729,132,1326
2023,2,Western,Shang'ombo,8704,7245,390,2583
2023,3,Western,Shang'ombo,5817,4905,154,1807
2023,4,Western,Shang'ombo,4262,3634,145,1293
2023,5,Western,Shang'ombo,4219,3696,170,1411
2023,6,Western,Shang'ombo,1911,1656,83,720
2023,7,Western,Shang'ombo,1683,1385,108,370
2023,8,Western,Shang'ombo,1377,1262,30,424
2023,9,Western,Shang'ombo,1822,1619,88,425
2023,10,Western,Shang'ombo,2231,1913,135,646
2023,11,Western,Shang'ombo,2969,2682,104,849
2023,12,Western,Shang'ombo,3514,2763,216,1225
2023,1,Western,Lukulu,5886,5284,189,1534
2023,2,Western,Lukulu,4284,3787,200,1077
2023,3,Western,Lukulu,5391,4321,321,1730
2023,4,Western,Lukulu,7178,5842,254,1473
2023,5,Western,Lukulu,3998,3348,105,1197
2023,6,Western,Lukulu,2579,2192,131,757
2023,7,Western,Lukulu,2245,1739,133,677
2023,8,Western,Lukulu,891,724,23,304
2023,9,Western,Lukulu,1630,1364,60,479
2023,10,Western,Lukulu,1946,1711,117,595
2023,11,Western,Lukulu,3372,3041,66,1367
2023,12,Western,Lukulu,4194,3278,253,953
2023,1,Western,Mwandi,9742,8581,284,3772
2023,2,Western,Mwandi,9919,8595,554,2913
2023,3,Western,Mwandi,11721,10069,236,3323
2023,4,Western,Mwandi,8773,7267,328,2783
2023,5,Western,Mwandi,12142,9736,409,2509
2023,6,Western,Mwandi,2485,2015,110,793
2023,7,Western,Mwandi,3261,2698,67,1051
2023,8,Western,Mwandi,3645,3146,228,1049
2023,9,Western,Mwandi,2393,2137,81,901
2023,10,Western,Mwandi,4558,4103,138,1413
2023,11,Western,Mwandi,7038,5531,346,1892
2023,12,Western,Mwandi,7952,7305,226,2238
2023,1,Western,Sioma,9478,8088,216,2931
2023,2,Western,Sioma,7423,6195,415,2675
2023,3,Western,Sioma,13577,10980,762,4836
2023,4,Western,Sioma,12381,10547,672,3581
2023,5,Western,Sioma,12050,9571,550,3913
2023,6,Western,Sioma,4183,3721,250,1632
2023,7,Western,Sioma,4984,4077,139,1799
2023,8,Western,Sioma,4290,3785,267,990
2023,9,Western,Sioma,3731,2971,211,822
2023,10,Western,Sioma,4504,4007,87,1194
2023,11,Western,Sioma,7473,6745,230,2699
2023,12,Western,Sioma,7580,6399,158,2681
2023,1,Western,Mitete,11944,10412,265,3378
2023,2,Western,Mitete,7750,6617,512,2934
2023,3,Western,Mitete,15176,13107,803,4656
2023,4,Western,Mitete,10850,9497,391,3108
2023,5,Western,Mitete,5279,4505,355,1646
2023,6,Western,Mitete,7202,6409,388,1716
2023,7,Western,Mitete,4741,4181,199,1751
2023,8,Western,Mitete,4958,4168,170,1208
2023,9,Western,Mitete,2591,2254,140,749
2023,10,Western,Mitete,3311,2855,194,1259
2023,11,Western,Mitete,5296,4482,316,1890
2023,12,Western,Mitete,7013,6184,127,2414
2023,1,Western,Nkeyema,9036,7059,557,2917
2023,2,Western,Nkeyema,9734,8273,429,3010
2023,3,Western,Nkeyema,10965,9001,475,2564
2023,4,Western,Nkeyema,7608,6791,401,1867
2023,5,Western,Nkeyema,13444,11611,664,3609
2023,6,Western,Nkeyema,4577,3743,187,965
2023,7,Western,Nkeyema,3642,3170,158,1342
2023,8,Western,Nkeyema,2366,1999,98,734
2023,9,Western,Nkeyema,1896,1633,95,651
2023,10,Western,Nkeyema,3413,2998,83,1289
2023,11,Western,Nkeyema,8326,7109,328,2020
2023,12,Western,Nkeyema,2741,2470,60,1111
2023,1,Western,Luampa,9772,8150,608,3639
2023,2,Western,Luampa,13723,12380,588,4832
2023,3,Western,Luampa,11127,9088,217,3227
2023,4,Western,Luampa,6103,4977,297,1924
2023,5,Western,Luampa,7935,6253,451,2311
2023,6,Western,Luampa,4149,3571,247,1372
2023,7,Western,Luampa,6844,5622,146,1622
2023,8,Western,Luampa,2723,2364,109,990
2023,9,Western,Luampa,3202,2934,91,844
2023,10,Western,Luampa,6444,5211,283,1354
2023,11,Western,Luampa,4654,3871,222,1537
2023,12,Western,Luampa,7134,6493,178,2081
2023,1,Western,Limulunga,10878,9378,526,2961
2023,2,Western,Limulunga,11187,9382,566,3864
2023,3,Western,Limulunga,8458,7012,228,3091
2023,4,Western,Limulunga,12192,11047,541,2868
2023,5,Western,Limulunga,6144,5024,206,1833
2023,6,Western,Limulunga,5407,4426,89,1253
2023,7,Western,Limulunga,2675,2270,73,998
2023,8,Western,Limulunga,4262,3620,185,1043
2023,9,Western,Limulunga,3458,2847,134,953
2023,10,Western,Limulunga,2357,2142,64,637
2023,11,Western,Limulunga,4664,4062,123,1099
2023,12,Western,Limulunga,6231,5751,178,1831
2023,1,North-Western,Solwezi,9555,8001,552,3372
2023,2,North-Western,Solwezi,12550,10949,283,3993
2023,3,North-Western,Solwezi,24814,21859,650,5481
2023,4,North-Western,Solwezi,10891,9770,463,3028
2023,5,North-Western,Solwezi,10647,9689,331,3738
2023,6,North-Western,Solwezi,6017,5291,271,2100
2023,7,North-Western,Solwezi,4375,3601,183,1202
2023,8,North-Western,Solwezi,6030,5104,146,1295
2023,9,North-Western,Solwezi,6714,5307,300,1394
2023,10,North-Western,Solwezi,7271,6296,345,1735
2023,11,North-Western,Solwezi,6841,5532,380,2369
2023,12,North-Western,Solwezi,9564,8165,177,3065
2023,1,North-Western,Kasempa,3744,3137,98,1386
2023,2,North-Western,Kasempa,7010,5688,436,2207
2023,3,North-Western,Kasempa,14649,12525,910,3496
2023,4,North-Western,Kasempa,6153,5021,280,1836
2023,5,North-Western,Kasempa,5389,4438,103,1732
2023,6,North-Western,Kasempa,3150,2793,207,1184
2023,7,North-Western,Kasempa,5542,4933,163,1314
2023,8,North-Western,Kasempa,1881,1675,79,720
2023,9,North-Western,Kasempa,3336,2911,67,904
2023,10,North-Western,Kasempa,2305,2012,92,791
2023,11,North-Western,Kasempa,4783,4223,330,1461
2023,12,North-Western,Kasempa,4240,3374,229,1516
2023,1,North-Western,Mwinilunga,14596,11388,828,2892
2023,2,North-Western,Mwinilunga,11274,9372,277,2618
2023,3,North-Western,Mwinilunga,8077,6810,467,2751
2023,4,North-Western,Mwinilunga,8980,7359,185,3176
2023,5,North-Western,Mwinilunga,8471,7235,513,2974
2023,6,North-Western,Mwinilunga,4210,3843,87,1699
2023,7,North-Western,Mwinilunga,2612,2322,161,890
2023,8,North-Western,Mwinilunga,1787,1494,98,524
2023,9,North-Western,Mwinilunga,3928,3463,196,1470
2023,10,North-Western,Mwinilunga,3693,2887,199,1186
2023,11,North-Western,Mwinilunga,9075,7616,402,2106
2023,12,North-Western,Mwinilunga,11560,9450,337,2534
2023,1,North-Western,Zambezi,10876,8988,352,2740
2023,2,North-Western,Zambezi,11002,9583,258,3261
2023,3,North-Western,Zambezi,21247,18353,889,5292
2023,4,North-Western,Zambezi,10628,9654,389,3969
2023,5,North-Western,Zambezi,5268,4131,310,1633
2023,6,North-Western,Zambezi,7841,6926,324,1968
2023,7,North-Western,Zambezi,9571,8014,303,2135
2023,8,North-Western,Zambezi,2258,1918,47,760
2023,9,North-Western,Zambezi,2630,2058,157,812
2023,10,North-Western,Zambezi,2721,2414,110,1000
2023,11,North-Western,Zambezi,12090,11014,301,3270
2023,12,North-Western,Zambezi,10048,8564,424,3708
2023,1,North-Western,Kabompo,10421,8513,172,2322
2023,2,North-Western,Kabompo,10423,8594,365,2638
2023,3,North-Western,Kabompo,12738,10248,457,2772
2023,4,North-Western,Kabompo,7538,6571,440,2794
2023,5,North-Western,Kabompo,5245,4398,240,1932
2023,6,North-Western,Kabompo,5030,4396,153,1364
2023,7,North-Western,Kabompo,2352,2146,50,960
2023,8,North-Western,Kabompo,2148,1896,101,674
2023,9,North-Western,Kabompo,2278,1856,50,542
2023,10,North-Western,Kabompo,2133,1680,112,636
2023,11,North-Western,Kabompo,3919,3579,116,1498
2023,12,North-Western,Kabompo,3766,3305,117,1453
2023,1,North-Western,Mufumbwe,7406,6017,208,2338
2023,2,North-Western,Mufumbwe,5062,4375,182,1777
2023,3,North-Western,Mufumbwe,7139,6249,483,1783
2023,4,North-Western,Mufumbwe,7288,6290,259,1773
2023,5,North-Western,Mufumbwe,3317,2773,176,816
2023,6,North-Western,Mufumbwe,2417,2179,86,670
2023,7,North-Western,Mufumbwe,2028,1757,55,622
2023,8,North-Western,Mufumbwe,1625,1321,62,506
2023,9,North-Western,Mufumbwe,2063,1704,120,633
2023,10,North-Western,Mufumbwe,2620,2259,59,629
2023,11,North-Western,Mufumbwe,3868,3036,191,1345
2023,12,North-Western,Mufumbwe,4843,4330,269,1098
2023,1,North-Western,Chavuma,7485,6364,267,2070
2023,2,North-Western,Chavuma,7054,5659,430,1729
2023,3,North-Western,Chavuma,8421,7082,358,2646
2023,4,North-Western,Chavuma,5113,4735,109,1626
2023,5,North-Western,Chavuma,5147,4497,290,1343
2023,6,North-Western,Chavuma,2628,2209,153,840
2023,7,North-Western,Chavuma,2069,1865,95,469
2023,8,North-Western,Chavuma,1566,1394,84,612
2023,9,North-Western,Chavuma,1735,1492,81,509
2023,10,North-Western,Chavuma,1739,1498,111,655
2023,11,North-Western,Chavuma,2151,1758,129,780
2023,12,North-Western,Chavuma,4054,3488,225,1261
2023,1,North-Western,Manyinga,9562,8329,236,3138
2023,2,North-Western,Manyinga,15859,13058,885,4698
2023,3,North-Western,Manyinga,18026,15758,706,4014
2023,4,North-Western,Manyinga,10910,8718,637,2722
2023,5,North-Western,Manyinga,8162,7214,203,3084
2023,6,North-Western,Manyinga,4602,3849,118,1342
2023,7,North-Western,Manyinga,3899,3324,199,1242
2023,8,North-Western,Manyinga,5339,4325,345,1206
2023,9,North-Western,Manyinga,4835,4470,114,1162
2023,10,North-Western,Manyinga,6547,5260,415,2036
2023,11,North-Western,Manyinga,6026,5099,362,1991
2023,12,North-Western,Manyinga,6951,5708,372,2169
2023,1,North-Western,Ikelenge,8729,7852,450,2721
2023,2,North-Western,Ikelenge,7966,6889,387,2707
2023,3,North-Western,Ikelenge,9635,7990,266,2039
2023,4,North-Western,Ikelenge,7009,5678,404,2459
2023,5,North-Western,Ikelenge,5696,4999,252,2049
2023,6,North-Western,Ikelenge,5443,4730,319,1383
2023,7,North-Western,Ikelenge,3317,2658,141,1112
2023,8,North-Western,Ikelenge,2441,2022,63,751
2023,9,North-Western,Ikelenge,3016,2544,136,680
2023,10,North-Western,Ikelenge,4314,3500,229,881
2023,11,North-Western,Ikelenge,2703,2380,81,1050
2023,12,North-Western,Ikelenge,6865,5913,255,2141
2023,1,North-Western,Mushindamo,7301,6447,448,2869
2023,2,North-Western,Mushindamo,14684,12534,628,5324
2023,3,North-Western,Mushindamo,17591,15691,649,4707
2023,4,North-Western,Mushindamo,25566,20232,1338,5176
2023,5,North-Western,Mushindamo,18738,15899,814,4650
2023,6,North-Western,Mushindamo,10702,9571,539,2559
2023,7,North-Western,Mushindamo,4103,3635,164,1338
2023,8,North-Western,Mushindamo,3258,2962,110,1317
2023,9,North-Western,Mushindamo,2370,1893,100,783
2023,10,North-Western,Mushindamo,9957,8166,458,2412
2023,11,North-Western,Mushindamo,6121,5014,157,1980
2023,12,North-Western,Mushindamo,7424,6586,337,2418
2023,1,North-Western,Kalumbila,11572,9569,390,3238
2023,2,North-Western,Kalumbila,19222,15771,642,4354
2023,3,North-Western,Kalumbila,12567,10918,633,4605
2023,4,North-Western,Kalumbila,17675,15820,975,4934
2023,5,North-Western,Kalumbila,21984,19024,1282,5033
2023,6,North-Western,Kalumbila,8729,7467,511,2398
2023,7,North-Western,Kalumbila,6212,5058,240,1571
2023,8,North-Western,Kalumbila,4840,3883,242,1151
2023,9,North-Western,Kalumbila,4243,3753,127,1267
2023,10,North-Western,Kalumbila,5707,4523,351,1212
2023,11,North-Western,Kalumbila,10159,8698,257,2774
2023,12,North-Western,Kalumbila,11420,10349,395,3742
2023,1,Northern,Kasama,8923,7878,293,3544
2023,2,Northern,Kasama,9977,8163,277,3633
2023,3,Northern,Kasama,11336,9877,295,3726
2023,4,Northern,Kasama,15160,12586,490,4413
2023,5,Northern,Kasama,6978,5646,299,2372
2023,6,Northern,Kasama,3672,3321,128,1469
2023,7,Northern,Kasama,3203,2742,131,806
2023,8,Northern,Kasama,3081,2863,66,1159
2023,9,Northern,Kasama,5186,4089,310,1215
2023,10,Northern,Kasama,4929,4145,136,1200
2023,11,Northern,Kasama,11297,8864,665,3123
2023,12,Northern,Kasama,11733,9648,242,2646
2023,1,Northern,Mbala,14843,12429,886,4105
2023,2,Northern,Mbala,25920,20982,1668,8332
2023,3,Northern,Mbala,13963,12503,425,5163
2023,4,Northern,Mbala,15473,13216,845,4434
2023,5,Northern,Mbala,23994,19791,972,5663
2023,6,Northern,Mbala,9656,8090,481,2804
2023,7,Northern,Mbala,5471,4993,133,1731
2023,8,Northern,Mbala,5597,4510,296,1695
2023,9,Northern,Mbala,7570,6646,493,2163
2023,10,Northern,Mbala,7169,5686,390,1534
2023,11,Northern,Mbala,14902,12704,754,4572
2023,12,Northern,Mbala,22539,19724,457,5558
2023,1,Northern,Mporokoso,13443,10660,732,3326
2023,2,Northern,Mporokoso,17023,15067,1099,4456
2023,3,Northern,Mporokoso,24401,20674,1429,5198
2023,4,Northern,Mporokoso,25773,20873,1611,6887
2023,5,Northern,Mporokoso,13853,11667,695,3762
2023,6,Northern,Mporokoso,8983,7185,466,2423
2023,7,Northern,Mporokoso,3813,3016,229,1078
2023,8,Northern,Mporokoso,5152,4406,338,1129
2023,9,Northern,Mporokoso,4999,3975,238,1455
2023,10,Northern,Mporokoso,5712,4960,203,2001
2023,11,Northern,Mporokoso,4677,4183,153,1720
2023,12,Northern,Mporokoso,13336,10802,572,4316
2023,1,Northern,Luwingu,19170,16041,1268,4139
2023,2,Northern,Luwingu,18030,15462,1084,5244
2023,3,Northern,Luwingu,12021,10044,438,4086
2023,4,Northern,Luwingu,17523,14009,723,5963
2023,5,Northern,Luwingu,8741,7129,248,2927
2023,6,Northern,Luwingu,14492,12863,641,3304
2023,7,Northern,Luwingu,5070,4398,107,1648
2023,8,Northern,Luwingu,5079,4275,281,1356
2023,9,Northern,Luwingu,2884,2489,142,948
2023,10,Northern,Luwingu,4374,3941,89,1644
2023,11,Northern,Luwingu,13335,10902,378,2787
2023,12,Northern,Luwingu,17395,13830,1030,4888
2023,1,Northern,Mungwi,11914,9723,481,3934
2023,2,Northern,Mungwi,18653,14757,961,4198
2023,3,Northern,Mungwi,26521,22851,1715,5736
2023,4,Northern,Mungwi,18789,15010,864,5626
2023,5,Northern,Mungwi,14175,12549,431,4783
2023,6,Northern,Mungwi,9448,8372,537,2575
2023,7,Northern,Mungwi,6861,6066,348,2258
2023,8,Northern,Mungwi,3174,2862,118,1178
2023,9,Northern,Mungwi,6467,5197,205,1713
2023,10,Northern,Mungwi,6174,5516,158,1573
2023,11,Northern,Mungwi,7019,5554,380,2230
2023,12,Northern,Mungwi,9288,8152,591,3075
2023,1,Northern,Nsama,10852,8504,651,2841
2023,2,Northern,Nsama,20780,16502,873,4163
2023,3,Northern,Nsama,18737,15449,1104,4651
2023,4,Northern,Nsama,8546,7206,527,2212
2023,5,Northern,Nsama,10895,8661,676,3471
2023,6,Northern,Nsama,6188,5470,285,1893
2023,7,Northern,Nsama,3247,2769,159,1207
2023,8,Northern,Nsama,2402,2218,54,885
2023,9,Northern,Nsama,5241,4759,130,1310
2023,10,Northern,Nsama,2906,2355,121,1004
2023,11,Northern,Nsama,11017,8867,358,3201
2023,12,Northern,Nsama,7948,6391,261,2433
2023,1,Northern,Chilubi,19824,17781,432,6828
2023,2,Northern,Chilubi,19929,18310,656,7400
2023,3,Northern,Chilubi,33691,28555,969,12094
2023,4,Northern,Chilubi,21067,18071,467,5372
2023,5,Northern,Chilubi,24143,19155,1524,5098
2023,6,Northern,Chilubi,21222,17437,996,4788
2023,7,Northern,Chilubi,12825,10399,309,2628
2023,8,Northern,Chilubi,8884,7468,270,2217
2023,9,Northern,Chilubi,7730,6402,456,1798
2023,10,Northern,Chilubi,9911,8906,318,2758
2023,11,Northern,Chilubi,11206,9147,458,3538
2023,12,Northern,Chilubi,28503,23642,967,6025
2023,1,Northern,Kaputa,25703,21077,627,5529
2023,2,Northern,Kaputa,13147,11658,487,3858
2023,3,Northern,Kaputa,22733,18709,659,6349
2023,4,Northern,Kaputa,25166,21146,671,8307
2023,5,Northern,Kaputa,9964,8858,230,2866
2023,6,Northern,Kaputa,12498,10332,220,3018
2023,7,Northern,Kaputa,8617,7673,447,2114
2023,8,Northern,Kaputa,5463,4833,285,1456
2023,9,Northern,Kaputa,3687,2866,207,1063
2023,10,Northern,Kaputa,4166,3508,262,1135
2023,11,Northern,Kaputa,11469,9866,560,3751
2023,12,Northern,Kaputa,17380,14511,1049,3665
2023,1,Northern,Mpulungu,16958,13490,980,4046
2023,2,Northern,Mpulungu,11021,8619,620,3023
2023,3,Northern,Mpulungu,17187,14856,1003,4535
2023,4,Northern,Mpulungu,11549,9214,457,2717
2023,5,Northern,Mpulungu,11498,9248,600,3328
2023,6,Northern,Mpulungu,9097,7627,539,2325
2023,7,Northern,Mpulungu,4215,3582,169,1002
2023,8,Northern,Mpulungu,4356,3426,222,1143
2023,9,Northern,Mpulungu,3760,3039,152,1108
2023,10,Northern,Mpulungu,2620,2325,161,848
2023,11,Northern,Mpulungu,7798,6380,258,2096
2023,12,Northern,Mpulungu,10457,9063,343,3547
2023,1,Northern,Senga Hill,8778,7274,307,2887
2023,2,Northern,Senga Hill,15102,12802,723,5312
2023,3,Northern,Senga Hill,21903,18787,1204,5566
2023,4,Northern,Senga Hill,13267,10526,697,4416
2023,5,Northern,Senga Hill,7487,6241,439,2669
2023,6,Northern,Senga Hill,8052,7137,432,2055
2023,7,Northern,Senga Hill,4389,3841,110,1247
2023,8,Northern,Senga Hill,3513,2756,201,1151
2023,9,Northern,Senga Hill,2237,1963,154,842
2023,10,Northern,Senga Hill,3756,3034,185,1052
2023,11,Northern,Senga Hill,5533,4803,328,1981
2023,12,Northern,Senga Hill,9044,7940,301,3322
2023,1,Northern,Lunte,10416,8590,348,3644
2023,2,Northern,Lunte,16942,14815,1153,5924
2023,3,Northern,Lunte,16203,14518,710,5415
2023,4,Northern,Lunte,23035,19726,1437,5217
2023,5,Northern,Lunte,15154,12962,795,4315
2023,6,Northern,Lunte,8343,6925,455,2499
2023,7,Northern,Lunte,9076,7777,600,2057
2023,8,Northern,Lunte,6222,4930,319,1238
2023,9,Northern,Lunte,3932,3310,173,1446
2023,10,Northern,Lunte,6049,5062,151,1877
2023,11,Northern,Lunte,10950,9392,605,2670
2023,12,Northern,Lunte,10567,9110,591,2728
2023,1,Luapula,Mansa,23524,18738,1023,4988
2023,2,Luapula,Mansa,24384,20788,1485,7151
2023,3,Luapula,Mansa,17861,15035,976,5655
2023,4,Luapula,Mansa,20232,16454,723,5080
2023,5,Luapula,Mansa,17796,14485,1119,4385
2023,6,Luapula,Mansa,5888,5118,200,1966
2023,7,Luapula,Mansa,5294,4602,158,1928
2023,8,Luapula,Mansa,3750,3339,197,1252
2023,9,Luapula,Mansa,7520,6060,323,2382
2023,10,Luapula,Mansa,4746,3927,203,1010
2023,11,Luapula,Mansa,7118,6278,280,2161
2023,12,Luapula,Mansa,9605,7919,174,3352
2023,1,Luapula,Samfya,23290,20046,907,6999
2023,2,Luapula,Samfya,29172,25134,1448,6330
2023,3,Luapula,Samfya,26389,21992,450,7072
2023,4,Luapula,Samfya,19955,18442,418,6998
2023,5,Luapula,Samfya,28338,24504,1699,6639
2023,6,Luapula,Samfya,6484,5515,256,2263
2023,7,Luapula,Samfya,8047,6599,482,1990
2023,8,Luapula,Samfya,6018,4851,240,1596
2023,9,Luapula,Samfya,7585,6364,220,1594
2023,10,Luapula,Samfya,9693,7946,283,3481
2023,11,Luapula,Samfya,9038,7440,492,3083
2023,12,Luapula,Samfya,14441,12470,605,4014
2023,1,Luapula,Nchelenge,9047,7149,455,2681
2023,2,Luapula,Nchelenge,11980,10441,729,4008
2023,3,Luapula,Nchelenge,15431,12918,621,3563
2023,4,Luapula,Nchelenge,11789,9641,281,3406
2023,5,Luapula,Nchelenge,10410,8742,285,2536
2023,6,Luapula,Nchelenge,5051,4110,289,1679
2023,7,Luapula,Nchelenge,3569,3186,115,871
2023,8,Luapula,Nchelenge,5655,4633,349,1247
2023,9,Luapula,Nchelenge,3132,2606,58,1013
2023,10,Luapula,Nchelenge,6763,5721,326,1972
2023,11,Luapula,Nchelenge,4642,4099,182,1682
2023,12,Luapula,Nchelenge,12909,11222,656,3599
2023,1,Luapula,Kawambwa,20980,16254,1274,5190
2023,2,Luapula,Kawambwa,15479,14081,398,5971
2023,3,Luapula,Kawambwa,37746,32531,1108,10321
2023,4,Luapula,Kawambwa,25012,21833,456,9675
2023,5,Luapula,Kawambwa,20602,16999,763,5731
2023,6,Luapula,Kawambwa,13287,11545,567,3740
2023,7,Luapula,Kawambwa,7824,6192,369,2394
2023,8,Luapula,Kawambwa,11704,10168,319,2711
2023,9,Luapula,Kawambwa,3454,3029,170,1243
2023,10,Luapula,Kawambwa,8282,7033,420,3128
2023,11,Luapula,Kawambwa,14159,12312,637,3501
2023,12,Luapula,Kawambwa,17830,14042,1067,3867
2023,1,Luapula,Mwense,16718,14831,415,6053
2023,2,Luapula,Mwense,32145,27765,615,9178
2023,3,Luapula,Mwense,23381,20659,866,8393
2023,4,Luapula,Mwense,15272,13326,962,4663
2023,5,Luapula,Mwense,19868,15694,993,5466
2023,6,Luapula,Mwense,12216,10280,353,2979
2023,7,Luapula,Mwense,5558,5100,192,2161
2023,8,Luapula,Mwense,5153,4707,187,1492
2023,9,Luapula,Mwense,5492,4534,186,1343
2023,10,Luapula,Mwense,8275,7256,193,3165
2023,11,Luapula,Mwense,14963,11909,863,4091
2023,12,Luapula,Mwense,14176,11208,712,4996
2023,1,Luapula,Chienge,14947,11845,650,3360
2023,2,Luapula,Chienge,11476,10014,266,3153
2023,3,Luapula,Chienge,22811,20340,413,5285
2023,4,Luapula,Chienge,12808,11301,253,4335
2023,5,Luapula,Chienge,13548,10916,380,3175
2023,6,Luapula,Chienge,3926,3499,77,1506
2023,7,Luapula,Chienge,2846,2372,56,980
2023,8,Luapula,Chienge,3355,2859,81,734
2023,9,Luapula,Chienge,2878,2303,158,909
2023,10,Luapula,Chienge,6258,5065,259,1361
2023,11,Luapula,Chienge,6487,5686,288,1967
2023,12,Luapula,Chienge,7717,6185,361,2766
2023,1,Luapula,Milenge,20499,18792,442,5344
2023,2,Luapula,Milenge,21849,18142,1129,6976
2023,3,Luapula,Milenge,22234,19065,526,6401
2023,4,Luapula,Milenge,15044,13670,407,4992
2023,5,Luapula,Milenge,18508,14614,1136,4929
2023,6,Luapula,Milenge,18718,14833,766,5104
2023,7,Luapula,Milenge,8286,6798,423,2551
2023,8,Luapula,Milenge,5748,5013,241,1793
2023,9,Luapula,Milenge,7610,6434,253,2047
2023,10,Luapula,Milenge,11103,8713,575,3845
2023,11,Luapula,Milenge,14868,13082,542,4782
2023,12,Luapula,Milenge,20373,16170,1131,5195
2023,1,Luapula,Mwansabombwe,18871,16018,1173,7065
2023,2,Luapula,Mwansabombwe,19860,16277,734,7025
2023,3,Luapula,Mwansabombwe,16000,13535,295,5743
2023,4,Luapula,Mwansabombwe,9102,7648,185,2936
2023,5,Luapula,Mwansabombwe,15234,12281,438,4514
2023,6,Luapula,Mwansabombwe,7557,5924,444,2347
2023,7,Luapula,Mwansabombwe,7178,5850,377,1701
2023,8,Luapula,Mwansabombwe,7488,5933,336,1850
2023,9,Luapula,Mwansabombwe,7706,6730,450,2386
2023,10,Luapula,Mwansabombwe,9206,7689,216,1977
2023,11,Luapula,Mwansabombwe,5910,4621,341,1894
2023,12,Luapula,Mwansabombwe,19965,16435,1185,4182
2023,1,Luapula,Chipili,18015,15331,1149,5661
2023,2,Luapula,Chipili,26717,20866,1614,6269
2023,3,Luapula,Chipili,15986,13942,409,4669
2023,4,Luapula,Chipili,14310,12651,943,4770
2023,5,Luapula,Chipili,16058,13202,371,4156
2023,6,Luapula,Chipili,10105,8590,376,3280
2023,7,Luapula,Chipili,7645,6688,500,1800
2023,8,Luapula,Chipili,3988,3186,211,1175
2023,9,Luapula,Chipili,6198,5223,256,2227
2023,10,Luapula,Chipili,4533,3990,285,1212
2023,11,Luapula,Chipili,12192,10098,365,2649
2023,12,Luapula,Chipili,11486,9501,482,3825
2023,1,Luapula,Chembe,16614,13692,280,5218
2023,2,Luapula,Chembe,15023,12510,616,5328
2023,3,Luapula,Chembe,18251,15765,626,5107
2023,4,Luapula,Chembe,28009,23002,1625,6221
2023,5,Luapula,Chembe,11610,10245,417,4200
2023,6,Luapula,Chembe,5466,4514,309,2012
2023,7,Luapula,Chembe,3562,3071,131,988
2023,8,Luapula,Chembe,7337,6121,272,2251
2023,9,Luapula,Chembe,9832,8376,389,2282
2023,10,Luapula,Chembe,8822,6906,510,1738
2023,11,Luapula,Chembe,15786,13558,451,3562
2023,12,Luapula,Chembe,15855,12811,562,3583
2023,1,Luapula,Chifunabuli,17996,15011,675,5814
2023,2,Luapula,Chifunabuli,30428,24639,1420,7884
2023,3,Luapula,Chifunabuli,13014,11341,685,4794
2023,4,Luapula,Chifunabuli,16236,15036,358,6305
2023,5,Luapula,Chifunabuli,24818,20163,1251,7794
2023,6,Luapula,Chifunabuli,18121,15057,1029,4225
2023,7,Luapula,Chifunabuli,9214,8053,219,2735
2023,8,Luapula,Chifunabuli,6782,5512,314,1412
2023,9,Luapula,Chifunabuli,4888,4061,129,1623
2023,10,Luapula,Chifunabuli,6627,5837,374,1947
2023,11,Luapula,Chifunabuli,12671,11739,284,4321
2023,12,Luapula,Chifunabuli,24349,20026,1043,5155
2023,1,Luapula,Lunga,16155,13326,380,4235
2023,2,Luapula,Lunga,27827,23597,596,9355
2023,3,Luapula,Lunga,16776,14440,667,5680
2023,4,Luapula,Lunga,29001,23066,1126,6958
2023,5,Luapula,Lunga,11488,10518,235,4245
2023,6,Luapula,Lunga,9255,7949,438,3115
2023,7,Luapula,Lunga,4368,4008,110,1798
2023,8,Luapula,Lunga,6879,5948,241,1799
2023,9,Luapula,Lunga,10690,8948,449,2312
2023,10,Luapula,Lunga,10056,8138,618,3227
2023,11,Luapula,Lunga,12036,10738,525,4166
2023,12,Luapula,Lunga,26016,22081,458,8239
2023,1,Muchinga,Chinsali,23382,19766,554,8567
2023,2,Muchinga,Chinsali,27899,22917,897,5886
2023,3,Muchinga,Chinsali,20680,18478,480,5769
2023,4,Muchinga,Chinsali,29874,25118,1924,6657
2023,5,Muchinga,Chinsali,18503,15271,879,5671
2023,6,Muchinga,Chinsali,11280,10278,338,4363
2023,7,Muchinga,Chinsali,13875,11657,632,3949
2023,8,Muchinga,Chinsali,6080,5527,164,2038
2023,9,Muchinga,Chinsali,7809,6455,387,1835
2023,10,Muchinga,Chinsali,7743,6292,273,2155
2023,11,Muchinga,Chinsali,12283,10506,796,4269
2023,12,Muchinga,Chinsali,12134,9926,705,3762
2023,1,Muchinga,Mpika,13934,11547,689,4173
2023,2,Muchinga,Mpika,17437,15269,378,4657
2023,3,Muchinga,Mpika,20347,16820,672,6371
2023,4,Muchinga,Mpika,14523,12652,699,5233
2023,5,Muchinga,Mpika,15310,13556,689,4192
2023,6,Muchinga,Mpika,11152,9402,514,2917
2023,7,Muchinga,Mpika,6102,5483,126,1463
2023,8,Muchinga,Mpika,2820,2384,102,843
2023,9,Muchinga,Mpika,5047,4219,295,1362
2023,10,Muchinga,Mpika,5668,4561,177,1273
2023,11,Muchinga,Mpika,9302,7397,401,2437
2023,12,Muchinga,Mpika,13922,10966,844,4004
2023,1,Muchinga,Isoka,18916,15242,1047,6689
2023,2,Muchinga,Isoka,22995,19691,1407,6359
2023,3,Muchinga,Isoka,26166,21811,1376,9100
2023,4,Muchinga,Isoka,28242,22670,1303,8994
2023,5,Muchinga,Isoka,29856,25519,666,6557
2023,6,Muchinga,Isoka,13396,12176,359,4317
2023,7,Muchinga,Isoka,7085,6027,277,2471
2023,8,Muchinga,Isoka,7637,6529,350,2447
2023,9,Muchinga,Isoka,6018,4870,222,1605
2023,10,Muchinga,Isoka,10406,8512,522,3039
2023,11,Muchinga,Isoka,19746,16755,1132,5781
2023,12,Muchinga,Isoka,17044,14480,654,5453
2023,1,Muchinga,Nakonde,14076,11489,793,4330
2023,2,Muchinga,Nakonde,17841,14607,386,5279
2023,3,Muchinga,Nakonde,12344,10645,554,3251
2023,4,Muchinga,Nakonde,12633,10058,557,3613
2023,5,Muchinga,Nakonde,10696,9017,278,2556
2023,6,Muchinga,Nakonde,7054,5873,414,2120
2023,7,Muchinga,Nakonde,5989,5128,258,1439
2023,8,Muchinga,Nakonde,2847,2515,106,1095
2023,9,Muchinga,Nakonde,4474,3861,215,1453
2023,10,Muchinga,Nakonde,3589,2949,110,969
2023,11,Muchinga,Nakonde,6822,6170,218,2096
2023,12,Muchinga,Nakonde,12999,11167,642,3136
2023,1,Muchinga,Mafinga,8100,6786,422,2645
2023,2,Muchinga,Mafinga,14588,12682,735,3278
2023,3,Muchinga,Mafinga,17590,14642,441,4370
2023,4,Muchinga,Mafinga,8320,7434,168,3064
2023,5,Muchinga,Mafinga,7189,5949,305,1856
2023,6,Muchinga,Mafinga,9443,8282,205,2110
2023,7,Muchinga,Mafinga,2747,2263,144,949
2023,8,Muchinga,Mafinga,2891,2301,124,823
2023,9,Muchinga,Mafinga,3075,2751,71,1207
2023,10,Muchinga,Mafinga,5627,4922,314,1479
2023,11,Muchinga,Mafinga,5275,4468,187,1750
2023,12,Muchinga,Mafinga,9954,8836,404,3298
2023,1,Muchinga,Chama,11102,8980,382,2857
2023,2,Muchinga,Chama,11194,9572,590,3523
2023,3,Muchinga,Chama,18239,15450,541,5046
2023,4,Muchinga,Chama,15406,13166,912,3893
2023,5,Muchinga,Chama,15821,13790,883,3943
2023,6,Muchinga,Chama,5860,5047,345,2072
2023,7,Muchinga,Chama,3377,2825,70,1194
2023,8,Muchinga,Chama,10845,8784,269,2248
2023,9,Muchinga,Chama,3289,2677,184,1140
2023,10,Muchinga,Chama,4353,3604,134,1358
2023,11,Muchinga,Chama,8282,6832,210,2249
2023,12,Muchinga,Chama,13112,11691,275,3046
2023,1,Muchinga,Lavushimanda,17951,14741,1112,5211
2023,2,Muchinga,Lavushimanda,12048,9810,450,4109
2023,3,Muchinga,Lavushimanda,33467,29464,1115,9079
2023,4,Muchinga,Lavushimanda,20081,17541,600,4752
2023,5,Muchinga,Lavushimanda,20810,17377,815,5452
2023,6,Muchinga,Lavushimanda,7332,6283,375,2666
2023,7,Muchinga,Lavushimanda,5526,4331,327,1910
2023,8,Muchinga,Lavushimanda,4207,3339,250,973
2023,9,Muchinga,Lavushimanda,7430,6618,176,1795
2023,10,Muchinga,Lavushimanda,10763,9499,246,2729
2023,11,Muchinga,Lavushimanda,14660,12367,727,3535
2023,12,Muchinga,Lavushimanda,7020,5604,299,2226
2023,1,Muchinga,Kanchibiya,27868,24933,1377,6430
2023,2,Muchinga,Kanchibiya,34872,31023,1025,9469
2023,3,Muchinga,Kanchibiya,24712,21294,1676,7302
2023,4,Muchinga,Kanchibiya,37959,32588,692,9618
2023,5,Muchinga,Kanchibiya,20348,18021,587,4755
2023,6,Muchinga,Kanchibiya,10788,9474,659,3223
2023,7,Muchinga,Kanchibiya,7747,6531,227,2851
2023,8,Muchinga,Kanchibiya,7067,5943,207,2178
2023,9,Muchinga,Kanchibiya,5147,4473,323,1397
2023,10,Muchinga,Kanchibiya,12439,10131,297,3044
2023,11,Muchinga,Kanchibiya,12890,11632,526,3265
2023,12,Muchinga,Kanchibiya,11214,9120,580,2690
2023,1,Muchinga,Shiwang'andu,25529,23228,1019,6931
2023,2,Muchinga,Shiwang'andu,16403,14460,717,5969
2023,3,Muchinga,Shiwang'andu,23412,19053,500,8206
2023,4,Muchinga,Shiwang'andu,23680,20858,506,7059
2023,5,Muchinga,Shiwang'andu,18290,16135,1167,5955
2023,6,Muchinga,Shiwang'andu,9587,7805,249,2398
2023,7,Muchinga,Shiwang'andu,6944,6022,301,2088
2023,8,Muchinga,Shiwang'andu,5302,4701,150,1730
2023,9,Muchinga,Shiwang'andu,5066,4035,216,1428
2023,10,Muchinga,Shiwang'andu,9519,8498,189,2571
2023,11,Muchinga,Shiwang'andu,8108,6796,455,2659
2023,12,Muchinga,Shiwang'andu,10673,9255,223,4069
2024,1,Lusaka,Lusaka,3467,2843,60,1231
2024,2,Lusaka,Lusaka,1919,1666,110,523
2024,3,Lusaka,Lusaka,2848,2556,82,844
2024,4,Lusaka,Lusaka,3968,3292,236,1443
2024,5,Lusaka,Lusaka,2498,2165,62,724
2024,6,Lusaka,Lusaka,1260,1133,40,460
2024,7,Lusaka,Lusaka,1198,1050,49,290
2024,8,Lusaka,Lusaka,785,670,38,236
2024,9,Lusaka,Lusaka,1112,905,63,320
2024,10,Lusaka,Lusaka,1547,1275,51,484
2024,11,Lusaka,Lusaka,1104,978,74,370
2024,12,Lusaka,Lusaka,3940,3394,221,879
2024,1,Lusaka,Chongwe,2416,2022,136,676
2024,2,Lusaka,Chongwe,2445,1935,119,636
2024,3,Lusaka,Chongwe,2526,2285,114,668
2024,4,Lusaka,Chongwe,1900,1541,116,562
2024,5,Lusaka,Chongwe,1337,1131,31,328
2024,6,Lusaka,Chongwe,1114,923,32,384
2024,7,Lusaka,Chongwe,751,654,27,224
2024,8,Lusaka,Chongwe,578,489,23,200
2024,9,Lusaka,Chongwe,560,454,13,195
2024,10,Lusaka,Chongwe,538,450,16,202
2024,11,Lusaka,Chongwe,1287,1084,60,351
2024,12,Lusaka,Chongwe,1566,1348,33,467
2024,1,Lusaka,Kafue,1954,1541,92,558
2024,2,Lusaka,Kafue,2296,2025,110,795
2024,3,Lusaka,Kafue,2715,2247,143,912
2024,4,Lusaka,Kafue,2107,1888,69,612
2024,5,Lusaka,Kafue,1655,1334,90,598
2024,6,Lusaka,Kafue,805,649,28,224
2024,7,Lusaka,Kafue,803,737,15,239
2024,8,Lusaka,Kafue,565,511,26,159
2024,9,Lusaka,Kafue,825,677,39,248
2024,10,Lusaka,Kafue,585,522,29,213
2024,11,Lusaka,Kafue,1883,1658,116,441
2024,12,Lusaka,Kafue,1638,1349,102,491
2024,1,Lusaka,Luangwa,2361,2053,123,824
2024,2,Lusaka,Luangwa,5106,4505,283,1636
2024,3,Lusaka,Luangwa,4663,4087,316,1820
2024,4,Lusaka,Luangwa,2706,2196,85,814
2024,5,Lusaka,Luangwa,3188,2662,58,822
2024,6,Lusaka,Luangwa,1097,858,63,362
2024,7,Lusaka,Luangwa,1220,1039,31,329
2024,8,Lusaka,Luangwa,1262,1015,74,408
2024,9,Lusaka,Luangwa,1314,1186,24,300
2024,10,Lusaka,Luangwa,982,807,47,346
2024,11,Lusaka,Luangwa,2208,1881,138,600
2024,12,Lusaka,Luangwa,2242,1841,121,666
2024,1,Lusaka,Chilanga,3826,3241,155,1264
2024,2,Lusaka,Chilanga,5539,4538,256,1245
2024,3,Lusaka,Chilanga,3633,2885,213,1150
2024,4,Lusaka,Chilanga,4020,3273,116,1197
2024,5,Lusaka,Chilanga,2302,2094,94,845
2024,6,Lusaka,Chilanga,2199,1752,86,560
2024,7,Lusaka,Chilanga,1747,1494,53,464
2024,8,Lusaka,Chilanga,1233,1018,53,324
2024,9,Lusaka,Chilanga,2281,1954,41,600
2024,10,Lusaka,Chilanga,2851,2292,182,578
2024,11,Lusaka,Chilanga,2420,2050,120,519
2024,12,Lusaka,Chilanga,2998,2434,169,913
2024,1,Lusaka,Rufunsa,5303,4258,284,1597
2024,2,Lusaka,Rufunsa,9388,7848,181,2402
2024,3,Lusaka,Rufunsa,5437,4485,314,1930
2024,4,Lusaka,Rufunsa,5512,4710,191,1572
2024,5,Lusaka,Rufunsa,6862,6156,212,2171
2024,6,Lusaka,Rufunsa,4711,3944,167,1292
2024,7,Lusaka,Rufunsa,2040,1735,48,493
2024,8,Lusaka,Rufunsa,1891,1622,55,471
2024,9,Lusaka,Rufunsa,2192,1819,58,513
2024,10,Lusaka,Rufunsa,1704,1398,93,603
2024,11,Lusaka,Rufunsa,3249,2558,162,987
2024,12,Lusaka,Rufunsa,6648,5423,216,1912
2024,1,Copperbelt,Kitwe,15438,14035,633,4483
2024,2,Copperbelt,Kitwe,10976,9187,255,3234
2024,3,Copperbelt,Kitwe,11961,9674,728,3953
2024,4,Copperbelt,Kitwe,17717,14572,741,4530
2024,5,Copperbelt,Kitwe,7907,7000,162,3040
2024,6,Copperbelt,Kitwe,10162,9111,501,2353
2024,7,Copperbelt,Kitwe,5408,4443,210,1997
2024,8,Copperbelt,Kitwe,3243,2660,194,1015
2024,9,Copperbelt,Kitwe,4332,3870,113,1389
2024,10,Copperbelt,Kitwe,4881,4527,91,1778
2024,11,Copperbelt,Kitwe,10440,9004,673,2787
2024,12,Copperbelt,Kitwe,11384,9308,422,3798
2024,1,Copperbelt,Ndola,7257,6303,334,1955
2024,2,Copperbelt,Ndola,4549,3610,288,1565
2024,3,Copperbelt,Ndola,9366,7615,360,3379
2024,4,Copperbelt,Ndola,14919,12558,490,4321
2024,5,Copperbelt,Ndola,4256,3808,213,1517
2024,6,Copperbelt,Ndola,3593,3148,215,1000
2024,7,Copperbelt,Ndola,4750,3931,218,1086
2024,8,Copperbelt,Ndola,1906,1691,48,702
2024,9,Copperbelt,Ndola,2347,1879,90,774
2024,10,Copperbelt,Ndola,2925,2378,185,731
2024,11,Copperbelt,Ndola,4333,3893,210,1610
2024,12,Copperbelt,Ndola,7525,6439,203,1990
2024,1,Copperbelt,Mufulira,11520,9652,452,2775
2024,2,Copperbelt,Mufulira,18017,15691,1102,4248
2024,3,Copperbelt,Mufulira,8181,7185,300,3101
2024,4,Copperbelt,Mufulira,4012,3414,267,1436
2024,5,Copperbelt,Mufulira,9019,7207,573,2488
2024,6,Copperbelt,Mufulira,2757,2389,178,1063
2024,7,Copperbelt,Mufulira,3062,2565,131,1051
2024,8,Copperbelt,Mufulira,3683,3207,73,991
2024,9,Copperbelt,Mufulira,2593,2371,82,958
2024,10,Copperbelt,Mufulira,4511,3843,108,1142
2024,11,Copperbelt,Mufulira,7149,6627,146,2052
2024,12,Copperbelt,Mufulira,8701,7860,286,3086
2024,1,Copperbelt,Chingola,11035,9366,368,2960
2024,2,Copperbelt,Chingola,10061,8405,604,3491
2024,3,Copperbelt,Chingola,15426,12977,924,4734
2024,4,Copperbelt,Chingola,12004,10899,261,4524
2024,5,Copperbelt,Chingola,7396,6515,323,2441
2024,6,Copperbelt,Chingola,9651,8004,341,2118
2024,7,Copperbelt,Chingola,3717,3026,95,762
2024,8,Copperbelt,Chingola,3942,3458,121,1079
2024,9,Copperbelt,Chingola,3995,3325,156,1012
2024,10,Copperbelt,Chingola,5499,4623,280,1165
2024,11,Copperbelt,Chingola,6784,5702,278,2427
2024,12,Copperbelt,Chingola,17767,15588,839,4074
2024,1,Copperbelt,Luanshya,10299,8238,485,2402
2024,2,Copperbelt,Luanshya,8832,7514,325,2402
2024,3,Copperbelt,Luanshya,9952,8739,362,2487
2024,4,Copperbelt,Luanshya,7695,6604,214,2345
2024,5,Copperbelt,Luanshya,6302,5067,212,1640
2024,6,Copperbelt,Luanshya,3887,3112,150,1335
2024,7,Copperbelt,Luanshya,1768,1422,113,597
2024,8,Copperbelt,Luanshya,2100,1769,82,633
2024,9,Copperbelt,Luanshya,2836,2559,51,711
2024,10,Copperbelt,Luanshya,2434,2046,42,586
2024,11,Copperbelt,Luanshya,4883,3904,189,1199
2024,12,Copperbelt,Luanshya,7937,6842,464,1808
2024,1,Copperbelt,Kalulushi,4688,4121,299,1699
2024,2,Copperbelt,Kalulushi,7318,6211,159,2457
2024,3,Copperbelt,Kalulushi,7035,6166,213,2649
2024,4,Copperbelt,Kalulushi,10935,9290,741,2499
2024,5,Copperbelt,Kalulushi,7021,5745,453,2039
2024,6,Copperbelt,Kalulushi,4019,3515,235,1218
2024,7,Copperbelt,Kalulushi,3340,2954,192,765
2024,8,Copperbelt,Kalulushi,2195,1890,119,594
2024,9,Copperbelt,Kalulushi,3253,2527,192,726
2024,10,Copperbelt,Kalulushi,1945,1569,52,690
2024,11,Copperbelt,Kalulushi,4565,3831,138,1639
2024,12,Copperbelt,Kalulushi,5467,4766,186,1651
2024,1,Copperbelt,Chililabombwe,11682,9612,390,3780
2024,2,Copperbelt,Chililabombwe,18172,14992,613,4973
2024,3,Copperbelt,Chililabombwe,18553,14387,1101,3789
2024,4,Copperbelt,Chililabombwe,10814,9507,622,3602
2024,5,Copperbelt,Chililabombwe,7141,6225,386,2664
2024,6,Copperbelt,Chililabombwe,5355,4839,243,1885
2024,7,Copperbelt,Chililabombwe,2661,2346,64,694
2024,8,Copperbelt,Chililabombwe,3553,2877,139,1094
2024,9,Copperbelt,Chililabombwe,3314,2719,193,750
2024,10,Copperbelt,Chililabombwe,5402,4436,236,1358
2024,11,Copperbelt,Chililabombwe,4748,4282,172,1884
2024,12,Copperbelt,Chililabombwe,11061,9195,527,2420
2024,1,Copperbelt,Lufwanyama,11988,10473,813,3467
2024,2,Copperbelt,Lufwanyama,16553,14409,845,5781
2024,3,Copperbelt,Lufwanyama,8046,6698,472,2600
2024,4,Copperbelt,Lufwanyama,8140,6783,458,2426
2024,5,Copperbelt,Lufwanyama,7895,7123,208,3105
2024,6,Copperbelt,Lufwanyama,7531,6927,163,2474
2024,7,Copperbelt,Lufwanyama,3731,3258,67,1257
2024,8,Copperbelt,Lufwanyama,3341,2988,65,900
2024,9,Copperbelt,Lufwanyama,4871,3916,217,1023
2024,10,Copperbelt,Lufwanyama,3756,2972,228,1285
2024,11,Copperbelt,Lufwanyama,6452,5932,185,2132
2024,12,Copperbelt,Lufwanyama,8903,6975,514,2782
2024,1,Copperbelt,Mpongwe,7803,6823,216,2603
2024,2,Copperbelt,Mpongwe,19110,15712,850,5367
2024,3,Copperbelt,Mpongwe,18524,16991,557,5267
2024,4,Copperbelt,Mpongwe,14327,11570,480,4907
2024,5,Copperbelt,Mpongwe,12626,10785,304,3846
2024,6,Copperbelt,Mpongwe,5373,4579,189,1764
2024,7,Copperbelt,Mpongwe,4069,3289,248,1398
2024,8,Copperbelt,Mpongwe,2875,2450,120,1057
2024,9,Copperbelt,Mpongwe,3225,2897,60,1206
2024,10,Copperbelt,Mpongwe,4543,3750,249,1631
2024,11,Copperbelt,Mpongwe,8910,7940,498,2570
2024,12,Copperbelt,Mpongwe,5659,4771,194,2136
2024,1,Copperbelt,Masaiti,8096,6746,245,2026
2024,2,Copperbelt,Masaiti,14061,12099,642,3568
2024,3,Copperbelt,Masaiti,11219,9736,628,3501
2024,4,Copperbelt,Masaiti,10525,8801,231,3555
2024,5,Copperbelt,Masaiti,4303,3687,120,1269
2024,6,Copperbelt,Masaiti,5987,5059,395,1622
2024,7,Copperbelt,Masaiti,3682,3128,160,1344
2024,8,Copperbelt,Masaiti,1953,1595,42,702
2024,9,Copperbelt,Masaiti,2555,2106,123,901
2024,10,Copperbelt,Masaiti,3346,2808,214,1235
2024,11,Copperbelt,Masaiti,8080,7088,476,2289
2024,12,Copperbelt,Masaiti,10563,8865,184,2500
2024,1,Central,Kabwe,7821,6667,466,2221
2024,2,Central,Kabwe,10307,8773,348,3530
2024,3,Central,Kabwe,17106,13802,974,3688
2024,4,Central,Kabwe,6580,5895,345,2626
2024,5,Central,Kabwe,7680,6044,364,2217
2024,6,Central,Kabwe,5718,4845,157,1360
2024,7,Central,Kabwe,3006,2406,118,759
2024,8,Central,Kabwe,1756,1519,101,658
2024,9,Central,Kabwe,1478,1321,78,518
2024,10,Central,Kabwe,2758,2427,58,821
2024,11,Central,Kabwe,6604,5219,324,1747
2024,12,Central,Kabwe,5629,4846,151,1820
2024,1,Central,Chibombo,11623,9725,487,2469
2024,2,Central,Chibombo,20593,17367,708,5551
2024,3,Central,Chibombo,9040,8207,361,3413
2024,4,Central,Chibombo,16624,13963,550,4072
2024,5,Central,Chibombo,11775,10223,611,4116
2024,6,Central,Chibombo,8374,7053,203,1861
2024,7,Central,Chibombo,7701,6893,392,1797
2024,8,Central,Chibombo,2210,1949,68,820
2024,9,Central,Chibombo,4257,3927,105,1255
2024,10,Central,Chibombo,4599,3749,181,1678
2024,11,Central,Chibombo,13248,10674,750,2973
2024,12,Central,Chibombo,11474,10271,627,2595
2024,1,Central,Kapiri Mposhi,6970,5807,125,2424
2024,2,Central,Kapiri Mposhi,5886,5080,224,2143
2024,3,Central,Kapiri Mposhi,12203,9506,732,3067
2024,4,Central,Kapiri Mposhi,9114,7379,412,2249
2024,5,Central,Kapiri Mposhi,5247,4267,236,1708
2024,6,Central,Kapiri Mposhi,5822,4896,386,1635
2024,7,Central,Kapiri Mposhi,2530,2038,93,835
2024,8,Central,Kapiri Mposhi,3437,2829,184,948
2024,9,Central,Kapiri Mposhi,3071,2398,165,621
2024,10,Central,Kapiri Mposhi,2507,2080,73,848
2024,11,Central,Kapiri Mposhi,5978,4830,227,1350
2024,12,Central,Kapiri Mposhi,7582,6802,298,2389
2024,1,Central,Mkushi,10904,9164,692,2851
2024,2,Central,Mkushi,12322,10426,728,3712
2024,3,Central,Mkushi,18629,15785,498,5447
2024,4,Central,Mkushi,9601,7659,562,3340
2024,5,Central,Mkushi,10511,8530,418,2890
2024,6,Central,Mkushi,5020,4428,95,1658
2024,7,Central,Mkushi,5707,4501,334,1402
2024,8,Central,Mkushi,4192,3537,99,907
2024,9,Central,Mkushi,3996,3319,265,973
2024,10,Central,Mkushi,2800,2393,134,995
2024,11,Central,Mkushi,7653,6625,269,2190
2024,12,Central,Mkushi,7446,6249,329,2546
2024,1,Central,Mumbwa,11938,10064,803,3919
2024,2,Central,Mumbwa,13923,11599,581,4033
2024,3,Central,Mumbwa,12629,11075,337,3648
2024,4,Central,Mumbwa,12143,9827,670,3454
2024,5,Central,Mumbwa,8621,7407,576,2706
2024,6,Central,Mumbwa,4276,3650,235,1312
2024,7,Central,Mumbwa,4695,3962,150,1357
2024,8,Central,Mumbwa,2689,2361,121,950
2024,9,Central,Mumbwa,3871,3484,140,1105
2024,10,Central,Mumbwa,2920,2399,122,988
2024,11,Central,Mumbwa,4525,3877,148,1413
2024,12,Central,Mumbwa,9087,7408,297,2214
2024,1,Central,Serenje,9375,7539,517,2608
2024,2,Central,Serenje,9553,8689,339,2397
2024,3,Central,Serenje,7026,6431,178,2814
2024,4,Central,Serenje,11391,9662,731,2836
2024,5,Central,Serenje,6397,5345,129,2212
2024,6,Central,Serenje,5963,5176,284,1760
2024,7,Central,Serenje,6698,5418,386,1379
2024,8,Central,Serenje,2386,2111,154,902
2024,9,Central,Serenje,3169,2766,97,850
2024,10,Central,Serenje,4715,3842,181,1090
2024,11,Central,Serenje,3852,3530,116,1528
2024,12,Central,Serenje,7667,6007,389,2564
2024,1,Central,Itezhi-Tezhi,6905,6063,315,2264
2024,2,Central,Itezhi-Tezhi,9234,7737,307,3063
2024,3,Central,Itezhi-Tezhi,8322,7304,260,3182
2024,4,Central,Itezhi-Tezhi,12004,10615,280,3706
2024,5,Central,Itezhi-Tezhi,6615,5568,236,2502
2024,6,Central,Itezhi-Tezhi,3848,3390,119,1319
2024,7,Central,Itezhi-Tezhi,5420,4626,250,1686
2024,8,Central,Itezhi-Tezhi,3989,3427,131,1000
2024,9,Central,Itezhi-Tezhi,2405,2069,130,784
2024,10,Central,Itezhi-Tezhi,4056,3674,127,950
2024,11,Central,Itezhi-Tezhi,4835,4114,180,1206
2024,12,Central,Itezhi-Tezhi,11661,10177,548,2772
2024,1,Central,Chitambo,7232,5884,299,2596
2024,2,Central,Chitambo,11581,9377,599,2522
2024,3,Central,Chitambo,6451,5247,315,2200
2024,4,Central,Chitambo,4655,3991,266,1794
2024,5,Central,Chitambo,9795,8673,447,3171
2024,6,Central,Chitambo,5672,4593,245,1547
2024,7,Central,Chitambo,3520,3081,78,1122
2024,8,Central,Chitambo,3664,2998,103,895
2024,9,Central,Chitambo,2145,1727,121,777
2024,10,Central,Chitambo,2968,2548,117,951
2024,11,Central,Chitambo,8756,6832,534,1750
2024,12,Central,Chitambo,6254,5371,362,1949
2024,1,Central,Luano,7074,6054,128,1612
2024,2,Central,Luano,3530,2933,209,1106
2024,3,Central,Luano,3708,3325,88,1309
2024,4,Central,Luano,7148,6186,309,1700
2024,5,Central,Luano,1989,1828,49,710
2024,6,Central,Luano,3958,3262,67,1096
2024,7,Central,Luano,1161,1056,35,438
2024,8,Central,Luano,1868,1638,48,435
2024,9,Central,Luano,1689,1514,74,407
2024,10,Central,Luano,1965,1676,60,531
2024,11,Central,Luano,2478,2043,157,788
2024,12,Central,Luano,2778,2488,64,1059
2024,1,Central,Ngabwe,5806,5001,229,2092
2024,2,Central,Ngabwe,8084,6469,295,2137
2024,3,Central,Ngabwe,12647,10139,619,2604
2024,4,Central,Ngabwe,5316,4299,316,1540
2024,5,Central,Ngabwe,8538,7042,522,1940
2024,6,Central,Ngabwe,2318,2071,74,880
2024,7,Central,Ngabwe,2807,2295,143,725
2024,8,Central,Ngabwe,1639,1420,87,462
2024,9,Central,Ngabwe,2465,1987,133,613
2024,10,Central,Ngabwe,2706,2209,125,563
2024,11,Central,Ngabwe,4070,3408,199,926
2024,12,Central,Ngabwe,5943,5124,107,1513
2024,1,Central,Shibuyunji,10865,9449,431,4121
2024,2,Central,Shibuyunji,14804,13346,705,3842
2024,3,Central,Shibuyunji,11780,10751,351,2799
2024,4,Central,Shibuyunji,17454,15758,546,4800
2024,5,Central,Shibuyunji,9676,7770,562,2218
2024,6,Central,Shibuyunji,4421,3825,144,1537
2024,7,Central,Shibuyunji,8322,6490,449,1970
2024,8,Central,Shibuyunji,4274,3583,169,1146
2024,9,Central,Shibuyunji,3758,3027,240,920
2024,10,Central,Shibuyunji,9932,8196,334,2236
2024,11,Central,Shibuyunji,6156,4966,385,1839
2024,12,Central,Shibuyunji,11919,10334,362,2851
2024,1,Southern,Choma,3671,3132,123,918
2024,2,Southern,Choma,6999,5739,391,1718
2024,3,Southern,Choma,7984,6716,274,1780
2024,4,Southern,Choma,3909,3155,167,1300
2024,5,Southern,Choma,3687,2993,225,1241
2024,6,Southern,Choma,2848,2237,175,854
2024,7,Southern,Choma,1571,1357,85,550
2024,8,Southern,Choma,2142,1784,108,448
2024,9,Southern,Choma,2710,2355,94,636
2024,10,Southern,Choma,1234,1091,33,323
2024,11,Southern,Choma,1459,1200,26,483
2024,12,Southern,Choma,5187,4668,266,1244
2024,1,Southern,Livingstone,3791,3117,211,1113
2024,2,Southern,Livingstone,7220,6123,407,1653
2024,3,Southern,Livingstone,4084,3578,269,980
2024,4,Southern,Livingstone,4457,3794,228,1405
2024,5,Southern,Livingstone,3339,2865,188,1155
2024,6,Southern,Livingstone,1194,999,49,428
2024,7,Southern,Livingstone,1069,899,36,331
2024,8,Southern,Livingstone,1280,1053,59,415
2024,9,Southern,Livingstone,1602,1422,64,417
2024,10,Southern,Livingstone,1511,1328,89,542
2024,11,Southern,Livingstone,2112,1650,120,738
2024,12,Southern,Livingstone,3727,3203,190,897
2024,1,Southern,Mazabuka,1036,960,26,365
2024,2,Southern,Mazabuka,1703,1390,68,457
2024,3,Southern,Mazabuka,1802,1634,64,491
2024,4,Southern,Mazabuka,850,666,47,294
2024,5,Southern,Mazabuka,950,854,49,332
2024,6,Southern,Mazabuka,912,722,50,183
2024,7,Southern,Mazabuka,616,543,34,149
2024,8,Southern,Mazabuka,466,397,15,150
2024,9,Southern,Mazabuka,180,165,4,64
2024,10,Southern,Mazabuka,454,367,26,92
2024,11,Southern,Mazabuka,664,576,34,252
2024,12,Southern,Mazabuka,599,549,17,209
2024,1,Southern,Monze,6525,5368,186,1537
2024,2,Southern,Monze,4682,3757,300,1321
2024,3,Southern,Monze,6229,5322,367,1347
2024,4,Southern,Monze,4390,3438,225,978
2024,5,Southern,Monze,2918,2507,70,736
2024,6,Southern,Monze,2156,1915,78,740
2024,7,Southern,Monze,1245,1074,76,447
2024,8,Southern,Monze,1309,1049,70,310
2024,9,Southern,Monze,1360,1098,87,291
2024,10,Southern,Monze,2290,1955,115,562
2024,11,Southern,Monze,2703,2297,165,667
2024,12,Southern,Monze,3871,3465,194,1161
2024,1,Southern,Namwala,2588,2022,140,876
2024,2,Southern,Namwala,2517,2173,96,789
2024,3,Southern,Namwala,4030,3266,239,849
2024,4,Southern,Namwala,4286,3884,187,1209
2024,5,Southern,Namwala,4020,3400,270,928
2024,6,Southern,Namwala,2006,1669,74,545
2024,7,Southern,Namwala,1776,1547,114,475
2024,8,Southern,Namwala,1091,984,41,278
2024,9,Southern,Namwala,1619,1321,56,353
2024,10,Southern,Namwala,1393,1256,54,437
2024,11,Southern,Namwala,2283,1830,121,631
2024,12,Southern,Namwala,2253,1880,97,615
2024,1,Southern,Kalomo,9613,8502,303,2185
2024,2,Southern,Kalomo,5358,4272,273,1607
2024,3,Southern,Kalomo,7905,6394,265,1906
2024,4,Southern,Kalomo,6129,5327,336,1905
2024,5,Southern,Kalomo,3972,3303,146,1319
2024,6,Southern,Kalomo,1435,1278,55,554
2024,7,Southern,Kalomo,1277,1142,73,339
2024,8,Southern,Kalomo,1740,1509,70,575
2024,9,Southern,Kalomo,1823,1674,40,453
2024,10,Southern,Kalomo,1355,1172,75,472
2024,11,Southern,Kalomo,3758,3009,154,879
2024,12,Southern,Kalomo,2748,2232,113,886
2024,1,Southern,Siavonga,6456,5368,198,1761
2024,2,Southern,Siavonga,5429,4897,237,1952
2024,3,Southern,Siavonga,5259,4726,218,1787
2024,4,Southern,Siavonga,6839,6351,134,1807
2024,5,Southern,Siavonga,4565,4057,160,1194
2024,6,Southern,Siavonga,2743,2548,63,1122
2024,7,Southern,Siavonga,1389,1171,61,379
2024,8,Southern,Siavonga,1299,1050,71,437
2024,9,Southern,Siavonga,1334,1150,58,441
2024,10,Southern,Siavonga,1269,1119,39,498
2024,11,Southern,Siavonga,4078,3464,239,1291
2024,12,Southern,Siavonga,5138,4372,119,1220
2024,1,Southern,Sinazongwe,1729,1434,113,369
2024,2,Southern,Sinazongwe,994,824,40,342
2024,3,Southern,Sinazongwe,1280,1068,24,416
2024,4,Southern,Sinazongwe,1486,1287,71,396
2024,5,Southern,Sinazongwe,1631,1446,76,404
2024,6,Southern,Sinazongwe,946,836,22,272
2024,7,Southern,Sinazongwe,656,522,31,162
2024,8,Southern,Sinazongwe,359,313,9,107
2024,9,Southern,Sinazongwe,592,521,26,139
2024,10,Southern,Sinazongwe,553,468,26,192
2024,11,Southern,Sinazongwe,784,666,29,236
2024,12,Southern,Sinazongwe,927,782,57,307
2024,1,Southern,Gwembe,5455,4795,253,1838
2024,2,Southern,Gwembe,8338,7309,295,1950
2024,3,Southern,Gwembe,7212,5852,175,2069
2024,4,Southern,Gwembe,6135,5242,383,1322
2024,5,Southern,Gwembe,3964,3209,174,1185
2024,6,Southern,Gwembe,2677,2248,97,787
2024,7,Southern,Gwembe,2471,1985,90,581
2024,8,Southern,Gwembe,834,680,32,279
2024,9,Southern,Gwembe,973,874,46,344
2024,10,Southern,Gwembe,1416,1248,44,501
2024,11,Southern,Gwembe,3261,2647,123,707
2024,12,Southern,Gwembe,2130,1981,40,891
2024,1,Southern,Kazungula,3421,2813,179,943
2024,2,Southern,Kazungula,2527,2246,140,1003
2024,3,Southern,Kazungula,2622,2347,118,673
2024,4,Southern,Kazungula,3250,2683,57,920
2024,5,Southern,Kazungula,2896,2332,178,762
2024,6,Southern,Kazungula,1217,1112,46,489
2024,7,Southern,Kazungula,1260,1027,59,373
2024,8,Southern,Kazungula,1102,862,62,316
2024,9,Southern,Kazungula,1223,1100,35,284
2024,10,Southern,Kazungula,1208,1009,60,261
2024,11,Southern,Kazungula,1537,1218,71,409
2024,12,Southern,Kazungula,1796,1438,73,642
2024,1,Southern,Zimba,4517,3839,239,1245
2024,2,Southern,Zimba,3624,3098,243,1213
2024,3,Southern,Zimba,2627,2245,81,789
2024,4,Southern,Zimba,3607,3212,132,966
2024,5,Southern,Zimba,2074,1871,77,776
2024,6,Southern,Zimba,2613,2267,148,625
2024,7,Southern,Zimba,1717,1379,95,463
2024,8,Southern,Zimba,1791,1620,65,420
2024,9,Southern,Zimba,821,674,39,195
2024,10,Southern,Zimba,1224,987,43,418
2024,11,Southern,Zimba,2953,2466,88,630
2024,12,Southern,Zimba,2219,1788,72,616
2024,1,Southern,Chikankata,4506,4117,147,1657
2024,2,Southern,Chikankata,4002,3572,187,1317
2024,3,Southern,Chikankata,5816,4785,256,1377
2024,4,Southern,Chikankata,2213,1867,122,741
2024,5,Southern,Chikankata,5754,5200,138,1348
2024,6,Southern,Chikankata,2442,2066,145,913
2024,7,Southern,Chikankata,1383,1138,90,478
2024,8,Southern,Chikankata,882,708,35,294
2024,9,Southern,Chikankata,961,843,51,355
2024,10,Southern,Chikankata,1860,1487,67,479
2024,11,Southern,Chikankata,2899,2398,107,712
2024,12,Southern,Chikankata,4749,3765,227,960
2024,1,Eastern,Chipata,11288,10208,528,4467
2024,2,Eastern,Chipata,19491,16701,607,4580
2024,3,Eastern,Chipata,12496,10249,233,4276
2024,4,Eastern,Chipata,12009,10293,321,3983
2024,5,Eastern,Chipata,10174,8892,251,3947
2024,6,Eastern,Chipata,7858,6425,300,2089
2024,7,Eastern,Chipata,6946,5843,378,2121
2024,8,Eastern,Chipata,4054,3438,133,1436
2024,9,Eastern,Chipata,6645,5553,198,1649
2024,10,Eastern,Chipata,5123,4603,123,1839
2024,11,Eastern,Chipata,8306,6774,433,2286
2024,12,Eastern,Chipata,17126,14422,500,5254
2024,1,Eastern,Petauke,9071,7608,546,2678
2024,2,Eastern,Petauke,12869,11479,260,4782
2024,3,Eastern,Petauke,15801,13740,437,4919
2024,4,Eastern,Petauke,21528,19183,1217,4874
2024,5,Eastern,Petauke,11984,10415,446,3140
2024,6,Eastern,Petauke,3981,3224,156,1330
2024,7,Eastern,Petauke,3124,2531,197,1088
2024,8,Eastern,Petauke,3796,3204,123,1087
2024,9,Eastern,Petauke,4973,4410,175,1159
2024,10,Eastern,Petauke,3566,3047,181,1364
2024,11,Eastern,Petauke,4908,4246,309,1613
2024,12,Eastern,Petauke,7252,5972,198,2608
2024,1,Eastern,Katete,19950,16764,541,4670
2024,2,Eastern,Katete,15801,13478,583,3915
2024,3,Eastern,Katete,18257,15981,518,6327
2024,4,Eastern,Katete,30947,26595,936,6668
2024,5,Eastern,Katete,13915,12099,623,4340
2024,6,Eastern,Katete,8642,7495,243,2394
2024,7,Eastern,Katete,6428,5371,429,1843
2024,8,Eastern,Katete,6040,5363,362,1547
2024,9,Eastern,Katete,6342,5070,252,1512
2024,10,Eastern,Katete,6237,5495,121,2332
2024,11,Eastern,Katete,11315,9654,211,3390
2024,12,Eastern,Katete,13289,11843,464,4589
2024,1,Eastern,Lundazi,13565,12261,424,4074
2024,2,Eastern,Lundazi,32746,27895,1029,11611
2024,3,Eastern,Lundazi,19316,15392,1046,5002
2024,4,Eastern,Lundazi,20378,17533,1286,4568
2024,5,Eastern,Lundazi,24070,19523,1020,6236
2024,6,Eastern,Lundazi,18938,16710,1095,4809
2024,7,Eastern,Lundazi,6788,5989,273,1982
2024,8,Eastern,Lundazi,4974,4185,215,1828
2024,9,Eastern,Lundazi,6199,5315,350,1546
2024,10,Eastern,Lundazi,13588,12107,414,3050
2024,11,Eastern,Lundazi,13417,12260,424,4426
2024,12,Eastern,Lundazi,15727,14235,704,4904
2024,1,Eastern,Nyimba,23555,18459,1195,5716
2024,2,Eastern,Nyimba,37111,30632,871,8358
2024,3,Eastern,Nyimba,20594,18437,1042,7094
2024,4,Eastern,Nyimba,18220,15741,980,5753
2024,5,Eastern,Nyimba,19956,17173,851,5853
2024,6,Eastern,Nyimba,7227,5950,170,2640
2024,7,Eastern,Nyimba,5361,4554,288,1646
2024,8,Eastern,Nyimba,8124,6836,349,1997
2024,9,Eastern,Nyimba,4653,3637,290,1461
2024,10,Eastern,Nyimba,7479,6492,337,1691
2024,11,Eastern,Nyimba,12985,10494,516,3603
2024,12,Eastern,Nyimba,10863,9421,380,3880
2024,1,Eastern,Sinda,17817,14258,708,6357
2024,2,Eastern,Sinda,12557,11069,372,3457
2024,3,Eastern,Sinda,14225,12672,556,5353
2024,4,Eastern,Sinda,12949,11495,665,4531
2024,5,Eastern,Sinda,12562,10984,309,3679
2024,6,Eastern,Sinda,9734,7707,468,2774
2024,7,Eastern,Sinda,4785,3941,215,1242
2024,8,Eastern,Sinda,4361,4000,98,1764
2024,9,Eastern,Sinda,6962,5695,210,1852
2024,10,Eastern,Sinda,4293,3818,135,1637
2024,11,Eastern,Sinda,5702,5073,167,2208
2024,12,Eastern,Sinda,8490,6690,448,2769
2024,1,Eastern,Chadiza,16115,12964,721,5776
2024,2,Eastern,Chadiza,19156,16221,744,5035
2024,3,Eastern,Chadiza,27155,23777,1641,7428
2024,4,Eastern,Chadiza,13806,12626,413,5538
2024,5,Eastern,Chadiza,10437,8759,446,3621
2024,6,Eastern,Chadiza,12857,11143,727,3015
2024,7,Eastern,Chadiza,9268,7683,216,2113
2024,8,Eastern,Chadiza,6112,5389,302,1791
2024,9,Eastern,Chadiza,4531,3589,268,1438
2024,10,Eastern,Chadiza,7545,6648,493,1681
2024,11,Eastern,Chadiza,16407,13404,429,3965
2024,12,Eastern,Chadiza,12746,10554,532,2933
2024,1,Eastern,Vubwi,16692,13524,507,5653
2024,2,Eastern,Vubwi,24682,21435,1667,5885
2024,3,Eastern,Vubwi,26980,23773,1790,7736
2024,4,Eastern,Vubwi,21960,17596,964,4889
2024,5,Eastern,Vubwi,20537,18855,572,6399
2024,6,Eastern,Vubwi,9988,9258,206,2657
2024,7,Eastern,Vubwi,5728,5030,286,2244
2024,8,Eastern,Vubwi,5655,5034,146,2126
2024,9,Eastern,Vubwi,6187,4965,257,1666
2024,10,Eastern,Vubwi,7118,6098,358,2015
2024,11,Eastern,Vubwi,12447,10655,343,3773
2024,12,Eastern,Vubwi,12430,10703,599,3094
2024,1,Eastern,Mambwe,15548,12711,781,4577
2024,2,Eastern,Mambwe,18318,16596,362,6058
2024,3,Eastern,Mambwe,15295,13358,670,5772
2024,4,Eastern,Mambwe,25530,20457,1577,5200
2024,5,Eastern,Mambwe,15086,11994,654,4375
2024,6,Eastern,Mambwe,12114,10148,563,2896
2024,7,Eastern,Mambwe,12378,11112,548,3866
2024,8,Eastern,Mambwe,3300,2868,205,1058
2024,9,Eastern,Mambwe,4621,3785,98,1554
2024,10,Eastern,Mambwe,5402,4743,170,1831
2024,11,Eastern,Mambwe,7130,5894,169,2248
2024,12,Eastern,Mambwe,15053,12804,944,4609
2024,1,Eastern,Chasefu,20025,17365,1317,5548
2024,2,Eastern,Chasefu,15998,14083,757,4439
2024,3,Eastern,Chasefu,23639,18820,987,4780
2024,4,Eastern,Chasefu,12944,10734,677,4175
2024,5,Eastern,Chasefu,11488,9759,368,3968
2024,6,Eastern,Chasefu,7612,6686,375,2781
2024,7,Eastern,Chasefu,2866,2441,53,1092
2024,8,Eastern,Chasefu,4725,3851,245,1482
2024,9,Eastern,Chasefu,4231,3713,143,1452
2024,10,Eastern,Chasefu,5379,4479,279,1433
2024,11,Eastern,Chasefu,14863,12601,370,3505
2024,12,Eastern,Chasefu,5281,4176,292,1676
2024,1,Eastern,Lumezi,20335,17218,1271,6656
2024,2,Eastern,Lumezi,22902,18260,1371,7543
2024,3,Eastern,Lumezi,24042,19738,937,6376
2024,4,Eastern,Lumezi,18163,15461,769,4263
2024,5,Eastern,Lumezi,11878,10723,357,3844
2024,6,Eastern,Lumezi,11454,9495,420,2880
2024,7,Eastern,Lumezi,5528,4723,250,1991
2024,8,Eastern,Lumezi,6290,5129,314,1990
2024,9,Eastern,Lumezi,5127,4532,249,1824
2024,10,Eastern,Lumezi,5744,4513,346,1317
2024,11,Eastern,Lumezi,10221,8260,376,2913
2024,12,Eastern,Lumezi,16034,13212,493,4095
2024,1,Western,Mongu,18373,16109,1239,4702
2024,2,Western,Mongu,12990,11424,346,3821
2024,3,Western,Mongu,12976,10552,776,3839
2024,4,Western,Mongu,10499,8696,210,3373
2024,5,Western,Mongu,6834,6087,418,2442
2024,6,Western,Mongu,6668,6040,151,2295
2024,7,Western,Mongu,8024,6999,235,2084
2024,8,Western,Mongu,2769,2549,70,1004
2024,9,Western,Mongu,5011,4501,170,1460
2024,10,Western,Mongu,8114,6544,251,1951
2024,11,Western,Mongu,9772,7973,227,2285
2024,12,Western,Mongu,9837,8637,269,2891
2024,1,Western,Senanga,6874,5597,222,2500
2024,2,Western,Senanga,19956,15894,759,4214
2024,3,Western,Senanga,15426,12259,852,5331
2024,4,Western,Senanga,11810,10225,564,4470
2024,5,Western,Senanga,12055,11045,422,3570
2024,6,Western,Senanga,6767,5413,279,1899
2024,7,Western,Senanga,6154,4974,282,1284
2024,8,Western,Senanga,3734,3165,105,1178
2024,9,Western,Senanga,4796,3961,207,1744
2024,10,Western,Senanga,5208,4501,100,1762
2024,11,Western,Senanga,11493,10257,466,3226
2024,12,Western,Senanga,7381,6214,309,2665
2024,1,Western,Sesheke,5914,4966,221,1770
2024,2,Western,Sesheke,4730,3738,297,1572
2024,3,Western,Sesheke,8251,6806,346,2442
2024,4,Western,Sesheke,9044,7434,541,2481
2024,5,Western,Sesheke,5308,4666,145,1390
2024,6,Western,Sesheke,3714,2938,178,922
2024,7,Western,Sesheke,4154,3474,128,907
2024,8,Western,Sesheke,1958,1602,63,718
2024,9,Western,Sesheke,1788,1512,31,662
2024,10,Western,Sesheke,2265,1896,96,636
2024,11,Western,Sesheke,5313,4350,288,1645
2024,12,Western,Sesheke,5426,4397,330,1394
2024,1,Western,Kaoma,9816,8112,438,3001
2024,2,Western,Kaoma,8741,7599,269,3193
2024,3,Western,Kaoma,21816,19430,914,8074
2024,4,Western,Kaoma,13644,11110,344,3692
2024,5,Western,Kaoma,14217,12832,627,3772
2024,6,Western,Kaoma,6866,5909,466,1897
2024,7,Western,Kaoma,3418,2652,201,1106
2024,8,Western,Kaoma,4467,3558,235,1083
2024,9,Western,Kaoma,3611,2950,178,1234
2024,10,Western,Kaoma,6624,5526,368,1803
2024,11,Western,Kaoma,6574,5792,231,2046
2024,12,Western,Kaoma,9957,8365,263,3395
2024,1,Western,Kalabo,4575,4111,86,1646
2024,2,Western,Kalabo,8920,7799,349,2949
2024,3,Western,Kalabo,11250,9606,471,3394
2024,4,Western,Kalabo,10789,8801,283,2500
2024,5,Western,Kalabo,8113,7151,520,1904
2024,6,Western,Kalabo,5304,4502,101,1490
2024,7,Western,Kalabo,3504,2752,184,1060
2024,8,Western,Kalabo,1353,1174,67,483
2024,9,Western,Kalabo,1966,1711,72,628
2024,10,Western,Kalabo,3347,2622,179,865
2024,11,Western,Kalabo,5319,4490,303,1982
2024,12,Western,Kalabo,7622,6369,232,2369
2024,1,Western,Shang'ombo,14969,12477,756,3520
2024,2,Western,Shang'ombo,9691,7841,436,3358
2024,3,Western,Shang'ombo,11970,10205,811,2767
2024,4,Western,Shang'ombo,10393,8645,573,2922
2024,5,Western,Shang'ombo,16168,13022,577,3301
2024,6,Western,Shang'ombo,7415,6144,146,1781
2024,7,Western,Shang'ombo,4164,3636,76,1102
2024,8,Western,Shang'ombo,4189,3384,225,1147
2024,9,Western,Shang'ombo,2155,1880,113,707
2024,10,Western,Shang'ombo,4157,3272,208,1084
2024,11,Western,Shang'ombo,3730,3169,108,1110
2024,12,Western,Shang'ombo,12100,10462,536,2651
2024,1,Western,Lukulu,8429,6808,393,2645
2024,2,Western,Lukulu,11453,9670,600,3245
2024,3,Western,Lukulu,21571,18354,620,5907
2024,4,Western,Lukulu,9031,7709,428,3452
2024,5,Western,Lukulu,9393,7761,389,3278
2024,6,Western,Lukulu,7419,6261,171,2286
2024,7,Western,Lukulu,4008,3311,142,1103
2024,8,Western,Lukulu,4049,3617,221,1578
2024,9,Western,Lukulu,2491,2245,103,961
2024,10,Western,Lukulu,5541,4624,118,1589
2024,11,Western,Lukulu,6319,5707,140,1610
2024,12,Western,Lukulu,9626,8883,195,3121
2024,1,Western,Mwandi,12009,9934,415,4035
2024,2,Western,Mwandi,9706,8189,426,3556
2024,3,Western,Mwandi,15420,12947,649,3566
2024,4,Western,Mwandi,11258,9410,617,3043
2024,5,Western,Mwandi,7378,6259,238,2131
2024,6,Western,Mwandi,5052,4018,252,1480
2024,7,Western,Mwandi,3168,2787,73,1186
2024,8,Western,Mwandi,4232,3340,187,1110
2024,9,Western,Mwandi,1842,1590,102,619
2024,10,Western,Mwandi,3335,2721,179,1112
2024,11,Western,Mwandi,5184,4398,101,1256
2024,12,Western,Mwandi,8105,7337,183,2660
2024,1,Western,Sioma,9863,7975,383,3564
2024,2,Western,Sioma,29324,25330,1552,7309
2024,3,Western,Sioma,13881,11617,487,4037
2024,4,Western,Sioma,15171,12262,592,4007
2024,5,Western,Sioma,10455,9250,508,3639
2024,6,Western,Sioma,2759,2435,162,1033
2024,7,Western,Sioma,4793,4353,201,1294
2024,8,Western,Sioma,5355,4785,294,1292
2024,9,Western,Sioma,2985,2456,53,916
2024,10,Western,Sioma,6196,5162,224,1370
2024,11,Western,Sioma,3417,2918,82,1201
2024,12,Western,Sioma,8932,7513,330,2565
2024,1,Western,Mitete,11350,10096,520,2980
2024,2,Western,Mitete,15689,13349,655,3523
2024,3,Western,Mitete,14496,12658,387,3972
2024,4,Western,Mitete,13043,10333,604,3045
2024,5,Western,Mitete,7801,6526,272,2893
2024,6,Western,Mitete,3314,2910,196,1271
2024,7,Western,Mitete,3954,3387,83,1100
2024,8,Western,Mitete,2646,2278,104,793
2024,9,Western,Mitete,3608,3132,86,990
2024,10,Western,Mitete,4218,3378,138,1106
2024,11,Western,Mitete,10102,8355,551,2542
2024,12,Western,Mitete,7587,6768,247,2398
2024,1,Western,Nkeyema,12547,11137,412,2948
2024,2,Western,Nkeyema,4207,3604,115,1559
2024,3,Western,Nkeyema,13316,10710,725,3537
2024,4,Western,Nkeyema,14363,12663,904,4522
2024,5,Western,Nkeyema,14509,11367,817,3766
2024,6,Western,Nkeyema,9643,8503,245,2207
2024,7,Western,Nkeyema,3968,3349,142,1144
2024,8,Western,Nkeyema,1588,1431,42,631
2024,9,Western,Nkeyema,2384,1986,63,702
2024,10,Western,Nkeyema,5538,4525,307,1295
2024,11,Western,Nkeyema,7779,6605,204,2045
2024,12,Western,Nkeyema,8014,6616,276,2459
2024,1,Western,Luampa,7659,6552,372,2025
2024,2,Western,Luampa,8102,6916,305,2751
2024,3,Western,Luampa,6246,5234,180,2195
2024,4,Western,Luampa,5999,5043,197,2100
2024,5,Western,Luampa,5655,4981,261,1580
2024,6,Western,Luampa,2020,1787,38,711
2024,7,Western,Luampa,1653,1456,114,622
2024,8,Western,Luampa,1024,898,52,285
2024,9,Western,Luampa,1927,1682,69,566
2024,10,Western,Luampa,3062,2694,213,750
2024,11,Western,Luampa,2961,2430,191,934
2024,12,Western,Luampa,8118,6726,327,2399
2024,1,Western,Limulunga,3932,3550,174,1370
2024,2,Western,Limulunga,5016,4108,131,1709
2024,3,Western,Limulunga,5586,4776,332,1337
2024,4,Western,Limulunga,7035,5832,397,1884
2024,5,Western,Limulunga,4301,3583,125,1564
2024,6,Western,Limulunga,3283,2637,140,1054
2024,7,Western,Limulunga,2222,1944,80,674
2024,8,Western,Limulunga,896,745,40,326
2024,9,Western,Limulunga,1891,1580,37,536
2024,10,Western,Limulunga,1096,946,27,400
2024,11,Western,Limulunga,2453,2076,86,701
2024,12,Western,Limulunga,5340,4540,96,1922
2024,1,North-Western,Solwezi,8496,7132,558,2854
2024,2,North-Western,Solwezi,10125,8610,211,3123
2024,3,North-Western,Solwezi,5715,5123,252,1970
2024,4,North-Western,Solwezi,10737,9473,292,2382
2024,5,North-Western,Solwezi,6754,5710,326,2286
2024,6,North-Western,Solwezi,4165,3576,262,1199
2024,7,North-Western,Solwezi,3627,2949,157,874
2024,8,North-Western,Solwezi,1695,1439,31,544
2024,9,North-Western,Solwezi,2204,1757,130,461
2024,10,North-Western,Solwezi,2550,2002,142,895
2024,11,North-Western,Solwezi,4554,3534,265,1270
2024,12,North-Western,Solwezi,8756,7472,447,2599
2024,1,North-Western,Kasempa,8535,7852,205,2445
2024,2,North-Western,Kasempa,11800,10362,535,4472
2024,3,North-Western,Kasempa,12521,10882,318,3421
2024,4,North-Western,Kasempa,16278,13908,417,4022
2024,5,North-Western,Kasempa,13093,11666,310,4202
2024,6,North-Western,Kasempa,7329,6061,360,1554
2024,7,North-Western,Kasempa,4170,3626,235,1518
2024,8,North-Western,Kasempa,5668,4609,308,1346
2024,9,North-Western,Kasempa,4216,3587,259,1150
2024,10,North-Western,Kasempa,5478,4422,302,1851
2024,11,North-Western,Kasempa,5502,4700,214,1277
2024,12,North-Western,Kasempa,11076,9874,532,2520
2024,1,North-Western,Mwinilunga,6353,5312,278,1770
2024,2,North-Western,Mwinilunga,5812,4880,108,1612
2024,3,North-Western,Mwinilunga,5658,4786,179,1658
2024,4,North-Western,Mwinilunga,5749,4889,140,1728
2024,5,North-Western,Mwinilunga,5019,4018,170,1428
2024,6,North-Western,Mwinilunga,3519,2995,96,751
2024,7,North-Western,Mwinilunga,2875,2472,165,890
2024,8,North-Western,Mwinilunga,1101,948,25,352
2024,9,North-Western,Mwinilunga,1368,1193,91,408
2024,10,North-Western,Mwinilunga,1210,1110,37,486
2024,11,North-Western,Mwinilunga,4086,3369,245,999
2024,12,North-Western,Mwinilunga,4984,4387,100,1601
2024,1,North-Western,Zambezi,12056,10382,474,3301
2024,2,North-Western,Zambezi,7700,6299,420,2169
2024,3,North-Western,Zambezi,11184,9090,638,3926
2024,4,North-Western,Zambezi,13064,11116,417,3017
2024,5,North-Western,Zambezi,10500,9444,243,3062
2024,6,North-Western,Zambezi,6298,5478,437,1406
2024,7,North-Western,Zambezi,3716,3245,130,974
2024,8,North-Western,Zambezi,4881,4255,292,1234
2024,9,North-Western,Zambezi,2840,2414,88,842
2024,10,North-Western,Zambezi,4240,3353,232,933
2024,11,North-Western,Zambezi,6930,5647,343,1833
2024,12,North-Western,Zambezi,11789,9408,678,2481
2024,1,North-Western,Kabompo,14190,11680,352,3345
2024,2,North-Western,Kabompo,9187,7880,456,3376
2024,3,North-Western,Kabompo,16748,14706,593,5454
2024,4,North-Western,Kabompo,10827,9529,424,3324
2024,5,North-Western,Kabompo,7722,6311,292,2073
2024,6,North-Western,Kabompo,7799,6147,457,1595
2024,7,North-Western,Kabompo,2745,2305,94,891
2024,8,North-Western,Kabompo,3596,3147,116,968
2024,9,North-Western,Kabompo,1542,1302,72,472
2024,10,North-Western,Kabompo,5015,4307,223,1184
2024,11,North-Western,Kabompo,7677,6829,237,2562
2024,12,North-Western,Kabompo,6878,5931,326,1886
2024,1,North-Western,Mufumbwe,10068,8743,299,3809
2024,2,North-Western,Mufumbwe,7381,6424,255,2713
2024,3,North-Western,Mufumbwe,10679,9357,431,3982
2024,4,North-Western,Mufumbwe,11127,9341,319,3356
2024,5,North-Western,Mufumbwe,14872,12337,358,3873
2024,6,North-Western,Mufumbwe,8393,6819,363,1786
2024,7,North-Western,Mufumbwe,3004,2489,106,865
2024,8,North-Western,Mufumbwe,3380,2745,131,1156
2024,9,North-Western,Mufumbwe,3020,2613,134,990
2024,10,North-Western,Mufumbwe,3859,3294,186,1174
2024,11,North-Western,Mufumbwe,5294,4942,100,2130
2024,12,North-Western,Mufumbwe,13827,11882,609,3116
2024,1,North-Western,Chavuma,22398,18311,1280,5441
2024,2,North-Western,Chavuma,18870,17028,924,5632
2024,3,North-Western,Chavuma,23741,20783,1612,6224
2024,4,North-Western,Chavuma,16018,13406,1050,5557
2024,5,North-Western,Chavuma,13287,11500,709,3472
2024,6,North-Western,Chavuma,6766,6040,383,1572
2024,7,North-Western,Chavuma,5865,5008,381,1882
2024,8,North-Western,Chavuma,4919,3936,225,1051
2024,9,North-Western,Chavuma,4730,4296,118,1386
2024,10,North-Western,Chavuma,2800,2222,126,871
2024,11,North-Western,Chavuma,8210,7379,274,2493
2024,12,North-Western,Chavuma,14320,12634,684,3453
2024,1,North-Western,Manyinga,8016,7045,238,2322
2024,2,North-Western,Manyinga,8500,7429,253,2867
2024,3,North-Western,Manyinga,13330,11115,828,3625
2024,4,North-Western,Manyinga,9792,8170,374,2822
2024,5,North-Western,Manyinga,9797,7639,562,2204
2024,6,North-Western,Manyinga,3291,2692,211,1151
2024,7,North-Western,Manyinga,3192,2902,110,981
2024,8,North-Western,Manyinga,2562,2087,94,684
2024,9,North-Western,Manyinga,2381,1867,132,711
2024,10,North-Western,Manyinga,1819,1592,74,688
2024,11,North-Western,Manyinga,7276,5985,360,2585
2024,12,North-Western,Manyinga,9190,7460,431,1949
2024,1,North-Western,Ikelenge,9585,8148,249,2948
2024,2,North-Western,Ikelenge,10648,9302,683,2781
2024,3,North-Western,Ikelenge,10783,8670,668,3043
2024,4,North-Western,Ikelenge,10778,9296,321,4096
2024,5,North-Western,Ikelenge,10015,8983,336,3731
2024,6,North-Western,Ikelenge,5419,4541,358,1848
2024,7,North-Western,Ikelenge,4909,4239,183,1567
2024,8,North-Western,Ikelenge,2864,2348,136,735
2024,9,North-Western,Ikelenge,4181,3745,201,1216
2024,10,North-Western,Ikelenge,4313,3814,246,1161
2024,11,North-Western,Ikelenge,6374,5127,381,1914
2024,12,North-Western,Ikelenge,13312,10732,740,2974
2024,1,North-Western,Mushindamo,9668,7996,595,2377
2024,2,North-Western,Mushindamo,4710,4080,226,1538
2024,3,North-Western,Mushindamo,9089,8013,599,3011
2024,4,North-Western,Mushindamo,6384,5115,284,1527
2024,5,North-Western,Mushindamo,5279,4476,91,1296
2024,6,North-Western,Mushindamo,4512,3831,157,1222
2024,7,North-Western,Mushindamo,2851,2457,126,784
2024,8,North-Western,Mushindamo,2332,1921,148,484
2024,9,North-Western,Mushindamo,1617,1369,96,438
2024,10,North-Western,Mushindamo,2630,2259,52,760
2024,11,North-Western,Mushindamo,3859,3485,111,933
2024,12,North-Western,Mushindamo,8477,6830,348,2427
2024,1,North-Western,Kalumbila,5035,4458,246,1684
2024,2,North-Western,Kalumbila,10583,8783,379,2917
2024,3,North-Western,Kalumbila,11358,9777,505,4142
2024,4,North-Western,Kalumbila,9990,8514,360,3164
2024,5,North-Western,Kalumbila,4012,3439,171,1513
2024,6,North-Western,Kalumbila,6500,5450,302,1858
2024,7,North-Western,Kalumbila,3951,3588,138,1055
2024,8,North-Western,Kalumbila,3250,2865,85,973
2024,9,North-Western,Kalumbila,2583,2265,142,794
2024,10,North-Western,Kalumbila,2903,2486,137,1011
2024,11,North-Western,Kalumbila,6414,5204,267,1906
2024,12,North-Western,Kalumbila,9445,7762,547,1966
2024,1,Northern,Kasama,17215,15106,337,6163
2024,2,Northern,Kasama,25530,23246,507,7217
2024,3,Northern,Kasama,13550,12192,491,4103
2024,4,Northern,Kasama,19215,16807,577,5638
2024,5,Northern,Kasama,15305,12784,930,3494
2024,6,Northern,Kasama,6079,5361,338,2332
2024,7,Northern,Kasama,9613,7974,424,2863
2024,8,Northern,Kasama,8796,7328,326,2068
2024,9,Northern,Kasama,3275,2870,61,1185
2024,10,Northern,Kasama,7440,6526,193,1751
2024,11,Northern,Kasama,13187,10783,743,3847
2024,12,Northern,Kasama,12605,10664,850,3963
2024,1,Northern,Mbala,20821,18469,540,5435
2024,2,Northern,Mbala,16486,13986,466,3515
2024,3,Northern,Mbala,14636,12078,694,5079
2024,4,Northern,Mbala,11878,10815,405,4229
2024,5,Northern,Mbala,17100,14465,475,4817
2024,6,Northern,Mbala,6178,5382,294,1791
2024,7,Northern,Mbala,3607,3127,188,1218
2024,8,Northern,Mbala,4247,3401,200,947
2024,9,Northern,Mbala,5114,4198,89,1353
2024,10,Northern,Mbala,5712,4947,367,1945
2024,11,Northern,Mbala,5491,4940,162,2086
2024,12,Northern,Mbala,10641,9361,533,3474
2024,1,Northern,Mporokoso,13232,11923,402,4515
2024,2,Northern,Mporokoso,26997,21508,1719,6714
2024,3,Northern,Mporokoso,22735,20061,435,6386
2024,4,Northern,Mporokoso,22208,18828,712,5625
2024,5,Northern,Mporokoso,17522,15259,1021,4781
2024,6,Northern,Mporokoso,13023,11490,816,3056
2024,7,Northern,Mporokoso,11761,9146,688,2426
2024,8,Northern,Mporokoso,3996,3120,241,1352
2024,9,Northern,Mporokoso,8380,7293,283,2467
2024,10,Northern,Mporokoso,11968,9924,668,2576
2024,11,Northern,Mporokoso,11249,8841,632,3339
2024,12,Northern,Mporokoso,22929,18108,1220,7805
2024,1,Northern,Luwingu,9241,7358,534,3127
2024,2,Northern,Luwingu,11889,10279,805,3069
2024,3,Northern,Luwingu,8390,7270,336,2779
2024,4,Northern,Luwingu,10402,8713,281,2821
2024,5,Northern,Luwingu,11860,9914,771,3297
2024,6,Northern,Luwingu,7080,6073,180,2249
2024,7,Northern,Luwingu,4047,3633,170,963
2024,8,Northern,Luwingu,1956,1750,96,615
2024,9,Northern,Luwingu,3006,2686,108,1119
2024,10,Northern,Luwingu,4742,4032,237,1426
2024,11,Northern,Luwingu,7046,5879,152,1952
2024,12,Northern,Luwingu,8194,6746,162,2730
2024,1,Northern,Mungwi,13694,11699,326,4615
2024,2,Northern,Mungwi,14783,12127,784,5032
2024,3,Northern,Mungwi,22212,17987,765,5676
2024,4,Northern,Mungwi,13628,11766,436,4888
2024,5,Northern,Mungwi,14456,11659,676,3798
2024,6,Northern,Mungwi,9263,7666,545,1941
2024,7,Northern,Mungwi,5543,4758,167,1406
2024,8,Northern,Mungwi,4055,3538,189,1573
2024,9,Northern,Mungwi,8053,6515,454,1639
2024,10,Northern,Mungwi,5975,5196,152,1596
2024,11,Northern,Mungwi,8113,6653,148,2858
2024,12,Northern,Mungwi,14669,11819,471,4020
2024,1,Northern,Nsama,18147,14980,756,6434
2024,2,Northern,Nsama,20806,18057,767,6239
2024,3,Northern,Nsama,25601,21264,1666,5908
2024,4,Northern,Nsama,25157,19952,1338,7490
2024,5,Northern,Nsama,19582,16334,797,6875
2024,6,Northern,Nsama,13375,11150,430,3286
2024,7,Northern,Nsama,4776,4377,103,1944
2024,8,Northern,Nsama,14254,11633,455,3715
2024,9,Northern,Nsama,6738,5735,393,2151
2024,10,Northern,Nsama,8252,7596,166,2057
2024,11,Northern,Nsama,12279,10483,343,3326
2024,12,Northern,Nsama,24782,20366,774,8436
2024,1,Northern,Chilubi,13683,11560,903,3564
2024,2,Northern,Chilubi,12068,10114,215,3477
2024,3,Northern,Chilubi,9759,8328,328,3184
2024,4,Northern,Chilubi,8666,7043,200,1909
2024,5,Northern,Chilubi,8006,7087,447,2077
2024,6,Northern,Chilubi,6807,6144,156,2240
2024,7,Northern,Chilubi,5865,4708,357,1619
2024,8,Northern,Chilubi,3700,2956,228,1062
2024,9,Northern,Chilubi,2947,2498,98,932
2024,10,Northern,Chilubi,3275,2904,170,992
2024,11,Northern,Chilubi,4608,3942,139,1612
2024,12,Northern,Chilubi,7300,6419,217,2564
2024,1,Northern,Kaputa,14478,12249,697,3683
2024,2,Northern,Kaputa,12950,11199,708,4044
2024,3,Northern,Kaputa,16178,14021,912,3842
2024,4,Northern,Kaputa,12112,10963,473,4610
2024,5,Northern,Kaputa,15210,12660,291,3907
2024,6,Northern,Kaputa,11044,9058,200,2319
2024,7,Northern,Kaputa,3948,3496,146,1374
2024,8,Northern,Kaputa,5516,4474,348,1154
2024,9,Northern,Kaputa,3692,3059,203,983
2024,10,Northern,Kaputa,4706,3855,221,1588
2024,11,Northern,Kaputa,6309,5815,193,2245
2024,12,Northern,Kaputa,9344,8625,208,2975
2024,1,Northern,Mpulungu,19201,17144,891,4640
2024,2,Northern,Mpulungu,23399,19744,1015,5324
2024,3,Northern,Mpulungu,21232,18055,516,7225
2024,4,Northern,Mpulungu,14141,12878,531,4801
2024,5,Northern,Mpulungu,8789,7530,212,3346
2024,6,Northern,Mpulungu,7519,6054,397,2396
2024,7,Northern,Mpulungu,6230,5448,420,2208
2024,8,Northern,Mpulungu,4115,3290,219,829
2024,9,Northern,Mpulungu,4924,4172,167,1399
2024,10,Northern,Mpulungu,5289,4693,143,2017
2024,11,Northern,Mpulungu,10833,8961,639,3123
2024,12,Northern,Mpulungu,11160,9758,324,2676
2024,1,Northern,Senga Hill,9418,8063,384,2801
2024,2,Northern,Senga Hill,14223,12157,389,4174
2024,3,Northern,Senga Hill,14156,11680,536,4035
2024,4,Northern,Senga Hill,7029,5818,254,2490
2024,5,Northern,Senga Hill,11112,9279,488,3373
2024,6,Northern,Senga Hill,5643,4560,349,1930
2024,7,Northern,Senga Hill,4411,3662,149,1055
2024,8,Northern,Senga Hill,4039,3325,210,843
2024,9,Northern,Senga Hill,2577,2217,93,819
2024,10,Northern,Senga Hill,4048,3449,164,1173
2024,11,Northern,Senga Hill,11243,9466,213,3723
2024,12,Northern,Senga Hill,6979,5889,128,1663
2024,1,Northern,Lunte,12423,10229,369,3952
2024,2,Northern,Lunte,12681,10909,362,4375
2024,3,Northern,Lunte,9996,8635,576,2981
2024,4,Northern,Lunte,13625,11405,487,5091
2024,5,Northern,Lunte,11742,9568,636,3853
2024,6,Northern,Lunte,7579,6788,201,2171
2024,7,Northern,Lunte,3880,3224,167,1062
2024,8,Northern,Lunte,2948,2647,148,1189
2024,9,Northern,Lunte,4195,3369,156,1251
2024,10,Northern,Lunte,9855,8505,241,2309
2024,11,Northern,Lunte,10861,9692,508,2727
2024,12,Northern,Lunte,12638,11329,325,3712
2024,1,Luapula,Mansa,9224,7790,605,2536
2024,2,Luapula,Mansa,18480,15628,604,4540
2024,3,Luapula,Mansa,12270,10627,531,4514
2024,4,Luapula,Mansa,23155,21586,437,5998
2024,5,Luapula,Mansa,11072,8981,459,3386
2024,6,Luapula,Mansa,6439,5896,149,2041
2024,7,Luapula,Mansa,6980,5947,336,1819
2024,8,Luapula,Mansa,5067,4221,169,1096
2024,9,Luapula,Mansa,3513,2799,208,1235
2024,10,Luapula,Mansa,4747,3749,231,1307
2024,11,Luapula,Mansa,12322,10986,603,3034
2024,12,Luapula,Mansa,21351,17827,1079,5771
2024,1,Luapula,Samfya,14906,11677,835,4565
2024,2,Luapula,Samfya,11392,9755,226,4190
2024,3,Luapula,Samfya,27878,21927,1396,5910
2024,4,Luapula,Samfya,11258,9774,704,3646
2024,5,Luapula,Samfya,15418,12419,691,4341
2024,6,Luapula,Samfya,10289,9036,563,2565
2024,7,Luapula,Samfya,6065,4944,391,1686
2024,8,Luapula,Samfya,3272,2819,196,1048
2024,9,Luapula,Samfya,8492,6638,504,1991
2024,10,Luapula,Samfya,5668,4917,148,1667
2024,11,Luapula,Samfya,9657,8672,408,2394
2024,12,Luapula,Samfya,18636,15423,350,4299
2024,1,Luapula,Nchelenge,12996,10896,343,4544
2024,2,Luapula,Nchelenge,22093,18637,964,6546
2024,3,Luapula,Nchelenge,24416,20101,1087,7318
2024,4,Luapula,Nchelenge,24404,19800,1314,6958
2024,5,Luapula,Nchelenge,16652,14296,949,5583
2024,6,Luapula,Nchelenge,12113,10734,601,2819
2024,7,Luapula,Nchelenge,10241,8632,573,2816
2024,8,Luapula,Nchelenge,6595,6002,156,2557
2024,9,Luapula,Nchelenge,7876,6974,276,2222
2024,10,Luapula,Nchelenge,11928,9598,674,2758
2024,11,Luapula,Nchelenge,16979,14094,687,4032
2024,12,Luapula,Nchelenge,15091,13077,499,4142
2024,1,Luapula,Kawambwa,10426,8991,570,3555
2024,2,Luapula,Kawambwa,18840,16318,722,5658
2024,3,Luapula,Kawambwa,19755,15782,781,6408
2024,4,Luapula,Kawambwa,25369,21227,983,5743
2024,5,Luapula,Kawambwa,14752,12197,631,3877
2024,6,Luapula,Kawambwa,4410,3951,120,1662
2024,7,Luapula,Kawambwa,9436,8052,241,2295
2024,8,Luapula,Kawambwa,5111,4523,261,1290
2024,9,Luapula,Kawambwa,6700,5287,362,2032
2024,10,Luapula,Kawambwa,5834,4700,277,1598
2024,11,Luapula,Kawambwa,8146,6668,202,2729
2024,12,Luapula,Kawambwa,6591,5970,282,2380
2024,1,Luapula,Mwense,6260,5556,398,2184
2024,2,Luapula,Mwense,12432,10150,419,3256
2024,3,Luapula,Mwense,10569,9133,699,3284
2024,4,Luapula,Mwense,22815,20334,506,5336
2024,5,Luapula,Mwense,4237,3762,128,1376
2024,6,Luapula,Mwense,5351,4444,217,1829
2024,7,Luapula,Mwense,3712,3090,127,1248
2024,8,Luapula,Mwense,2218,1831,48,707
2024,9,Luapula,Mwense,2569,2061,99,524
2024,10,Luapula,Mwense,4098,3780,113,1295
2024,11,Luapula,Mwense,6594,5384,194,2217
2024,12,Luapula,Mwense,9156,7528,316,2874
2024,1,Luapula,Chienge,10194,9195,474,2999
2024,2,Luapula,Chienge,12126,10693,686,4192
2024,3,Luapula,Chienge,11324,8844,604,3479
2024,4,Luapula,Chienge,13748,11788,733,4291
2024,5,Luapula,Chienge,11100,8985,320,2386
2024,6,Luapula,Chienge,6533,5568,345,1558
2024,7,Luapula,Chienge,4671,3969,98,1028
2024,8,Luapula,Chienge,4042,3608,73,1025
2024,9,Luapula,Chienge,3188,2523,155,1005
2024,10,Luapula,Chienge,3218,2916,147,1076
2024,11,Luapula,Chienge,8332,6998,404,2442
2024,12,Luapula,Chienge,10614,9519,245,2960
2024,1,Luapula,Milenge,9941,8308,520,3478
2024,2,Luapula,Milenge,12160,10084,776,4154
2024,3,Luapula,Milenge,18825,15630,369,5311
2024,4,Luapula,Milenge,20555,17817,1355,4564
2024,5,Luapula,Milenge,8567,7369,335,3153
2024,6,Luapula,Milenge,5703,4643,370,1968
2024,7,Luapula,Milenge,3411,2686,204,1118
2024,8,Luapula,Milenge,3410,3090,132,1148
2024,9,Luapula,Milenge,2279,1965,92,816
2024,10,Luapula,Milenge,4302,3817,207,1696
2024,11,Luapula,Milenge,10242,9069,497,2406
2024,12,Luapula,Milenge,7362,6370,247,1735
2024,1,Luapula,Mwansabombwe,15430,13240,327,5494
2024,2,Luapula,Mwansabombwe,33433,27007,1530,7804
2024,3,Luapula,Mwansabombwe,35660,32918,741,9208
2024,4,Luapula,Mwansabombwe,18982,15818,787,6594
2024,5,Luapula,Mwansabombwe,23866,20271,1509,6875
2024,6,Luapula,Mwansabombwe,16052,12955,942,3373
2024,7,Luapula,Mwansabombwe,8085,6812,290,3020
2024,8,Luapula,Mwansabombwe,4473,3809,205,1478
2024,9,Luapula,Mwansabombwe,4876,4291,101,1862
2024,10,Luapula,Mwansabombwe,10131,8616,464,2460
2024,11,Luapula,Mwansabombwe,12347,10044,284,3377
2024,12,Luapula,Mwansabombwe,10633,9466,390,3614
2024,1,Luapula,Chipili,13925,12028,817,4615
2024,2,Luapula,Chipili,21585,18962,485,6196
2024,3,Luapula,Chipili,37328,29195,1977,8609
2024,4,Luapula,Chipili,23884,19792,412,5211
2024,5,Luapula,Chipili,10784,9785,392,3905
2024,6,Luapula,Chipili,9232,7907,551,3120
2024,7,Luapula,Chipili,9336,7765,618,2811
2024,8,Luapula,Chipili,6990,5705,157,2067
2024,9,Luapula,Chipili,7313,6313,149,1855
2024,10,Luapula,Chipili,6240,5387,152,2371
2024,11,Luapula,Chipili,15870,14084,749,3634
2024,12,Luapula,Chipili,18045,16180,972,4310
2024,1,Luapula,Chembe,11384,9353,469,3563
2024,2,Luapula,Chembe,15635,13788,662,5816
2024,3,Luapula,Chembe,17642,15546,550,4630
2024,4,Luapula,Chembe,16771,13974,932,5391
2024,5,Luapula,Chembe,9956,8411,477,3018
2024,6,Luapula,Chembe,4592,3696,240,1556
2024,7,Luapula,Chembe,6331,5469,156,2054
2024,8,Luapula,Chembe,3703,3337,138,1255
2024,9,Luapula,Chembe,3239,2646,155,1106
2024,10,Luapula,Chembe,4474,3675,256,1646
2024,11,Luapula,Chembe,10048,9085,467,3656
2024,12,Luapula,Chembe,13582,11750,392,5186
2024,1,Luapula,Chifunabuli,28739,23826,567,6736
2024,2,Luapula,Chifunabuli,17641,14605,364,4738
2024,3,Luapula,Chifunabuli,23734,21597,469,5454
2024,4,Luapula,Chifunabuli,18813,16129,1178,6020
2024,5,Luapula,Chifunabuli,15269,12884,674,3643
2024,6,Luapula,Chifunabuli,9374,8030,566,2754
2024,7,Luapula,Chifunabuli,4882,4236,213,1822
2024,8,Luapula,Chifunabuli,5783,4659,315,1724
2024,9,Luapula,Chifunabuli,6278,5345,416,1743
2024,10,Luapula,Chifunabuli,6296,5134,389,2063
2024,11,Luapula,Chifunabuli,16118,12655,786,4349
2024,12,Luapula,Chifunabuli,14202,12800,486,5275
2024,1,Luapula,Lunga,28411,22087,1620,7805
2024,2,Luapula,Lunga,21646,17903,758,6915
2024,3,Luapula,Lunga,49084,41513,1853,11111
2024,4,Luapula,Lunga,14823,12283,522,5090
2024,5,Luapula,Lunga,12754,10793,834,3693
2024,6,Luapula,Lunga,9271,8275,499,2928
2024,7,Luapula,Lunga,9621,8192,603,2311
2024,8,Luapula,Lunga,5044,4249,257,1347
2024,9,Luapula,Lunga,8329,7188,355,2525
2024,10,Luapula,Lunga,7256,5779,439,2233
2024,11,Luapula,Lunga,9475,7748,507,3099
2024,12,Luapula,Lunga,23021,20156,1279,5591
2024,1,Muchinga,Chinsali,20700,16623,1159,4534
2024,2,Muchinga,Chinsali,18573,16775,525,6704
2024,3,Muchinga,Chinsali,28475,24158,499,6323
2024,4,Muchinga,Chinsali,20058,17246,1009,4665
2024,5,Muchinga,Chinsali,17535,14890,483,6471
2024,6,Muchinga,Chinsali,12123,10194,762,3557
2024,7,Muchinga,Chinsali,6537,5761,368,2546
2024,8,Muchinga,Chinsali,4054,3486,219,1389
2024,9,Muchinga,Chinsali,8265,6890,469,2895
2024,10,Muchinga,Chinsali,10519,9349,471,2798
2024,11,Muchinga,Chinsali,8369,6892,451,2880
2024,12,Muchinga,Chinsali,28672,23864,1250,6552
2024,1,Muchinga,Mpika,19849,16443,604,6284
2024,2,Muchinga,Mpika,15885,13490,867,5681
2024,3,Muchinga,Mpika,17779,15683,1181,6246
2024,4,Muchinga,Mpika,18035,16505,667,6659
2024,5,Muchinga,Mpika,8915,7701,401,3238
2024,6,Muchinga,Mpika,13683,12021,843,3177
2024,7,Muchinga,Mpika,7525,6326,414,2008
2024,8,Muchinga,Mpika,4115,3714,117,1548
2024,9,Muchinga,Mpika,5083,4345,276,1473
2024,10,Muchinga,Mpika,7392,6064,291,2459
2024,11,Muchinga,Mpika,12342,10390,632,3531
2024,12,Muchinga,Mpika,14448,11789,605,4969
2024,1,Muchinga,Isoka,20088,16027,1170,5071
2024,2,Muchinga,Isoka,14664,11897,662,4982
2024,3,Muchinga,Isoka,14963,11938,815,4846
2024,4,Muchinga,Isoka,16131,13098,958,5222
2024,5,Muchinga,Isoka,7923,6786,182,3010
2024,6,Muchinga,Isoka,5707,4625,234,2061
2024,7,Muchinga,Isoka,2598,2059,117,851
2024,8,Muchinga,Isoka,2775,2508,89,670
2024,9,Muchinga,Isoka,2782,2296,139,987
2024,10,Muchinga,Isoka,4252,3505,257,1327
2024,11,Muchinga,Isoka,9107,7778,597,2563
2024,12,Muchinga,Isoka,7939,6505,432,2758
2024,1,Muchinga,Nakonde,29890,25849,1629,6635
2024,2,Muchinga,Nakonde,30650,24521,1912,8109
2024,3,Muchinga,Nakonde,32219,26898,1784,7747
2024,4,Muchinga,Nakonde,11362,9896,595,3793
2024,5,Muchinga,Nakonde,21091,19129,673,5459
2024,6,Muchinga,Nakonde,8593,7185,365,3049
2024,7,Muchinga,Nakonde,9280,7576,374,2912
2024,8,Muchinga,Nakonde,3405,2813,92,1237
2024,9,Muchinga,Nakonde,4544,3804,200,1476
2024,10,Muchinga,Nakonde,5630,4615,341,1438
2024,11,Muchinga,Nakonde,16324,13475,929,3742
2024,12,Muchinga,Nakonde,26347,20854,1382,6450
2024,1,Muchinga,Mafinga,22966,20107,1590,6780
2024,2,Muchinga,Mafinga,12697,10432,289,4634
2024,3,Muchinga,Mafinga,16169,13180,936,4320
2024,4,Muchinga,Mafinga,19447,17922,541,5957
2024,5,Muchinga,Mafinga,12158,10371,645,4014
2024,6,Muchinga,Mafinga,6877,5715,114,1746
2024,7,Muchinga,Mafinga,4658,4065,115,1716
2024,8,Muchinga,Mafinga,4108,3318,171,1426
2024,9,Muchinga,Mafinga,5377,4509,111,1186
2024,10,Muchinga,Mafinga,5466,4569,130,1266
2024,11,Muchinga,Mafinga,10445,8550,630,2316
2024,12,Muchinga,Mafinga,20275,17935,1024,5218
2024,1,Muchinga,Chama,20972,17655,405,6084
2024,2,Muchinga,Chama,22437,17448,1376,6483
2024,3,Muchinga,Chama,30712,28197,666,8319
2024,4,Muchinga,Chama,12419,10400,617,4617
2024,5,Muchinga,Chama,25402,21050,1569,5653
2024,6,Muchinga,Chama,6634,5828,345,2298
2024,7,Muchinga,Chama,6459,5559,393,2174
2024,8,Muchinga,Chama,6646,5857,225,1699
2024,9,Muchinga,Chama,6447,5185,238,2096
2024,10,Muchinga,Chama,5160,4636,157,1554
2024,11,Muchinga,Chama,12030,10842,542,4328
2024,12,Muchinga,Chama,13968,11271,792,4347
2024,1,Muchinga,Lavushimanda,20203,16938,723,6396
2024,2,Muchinga,Lavushimanda,43951,34585,2584,8999
2024,3,Muchinga,Lavushimanda,26204,21400,650,9160
2024,4,Muchinga,Lavushimanda,40869,34801,2697,10573
2024,5,Muchinga,Lavushimanda,14600,12976,690,4426
2024,6,Muchinga,Lavushimanda,11419,9540,230,3117
2024,7,Muchinga,Lavushimanda,9583,8616,442,2794
2024,8,Muchinga,Lavushimanda,9132,7087,525,2157
2024,9,Muchinga,Lavushimanda,5632,4907,257,2194
2024,10,Muchinga,Lavushimanda,13132,11684,249,3319
2024,11,Muchinga,Lavushimanda,16620,14439,845,5764
2024,12,Muchinga,Lavushimanda,17595,15495,891,4983
2024,1,Muchinga,Kanchibiya,16257,13207,419,4393
2024,2,Muchinga,Kanchibiya,12714,11192,861,4754
2024,3,Muchinga,Kanchibiya,22267,18516,399,7031
2024,4,Muchinga,Kanchibiya,13324,11205,443,4428
2024,5,Muchinga,Kanchibiya,8280,7547,292,3229
2024,6,Muchinga,Kanchibiya,8383,6910,355,2672
2024,7,Muchinga,Kanchibiya,6552,5560,435,1603
2024,8,Muchinga,Kanchibiya,4453,3825,178,1279
2024,9,Muchinga,Kanchibiya,3166,2733,111,996
2024,10,Muchinga,Kanchibiya,5699,4784,376,1421
2024,11,Muchinga,Kanchibiya,7516,6290,224,2652
2024,12,Muchinga,Kanchibiya,9027,7378,307,2766
2024,1,Muchinga,Shiwang'andu,11678,10708,327,4445
2024,2,Muchinga,Shiwang'andu,17369,14790,371,4841
2024,3,Muchinga,Shiwang'andu,25789,20955,1269,6394
2024,4,Muchinga,Shiwang'andu,15397,13436,376,4380
2024,5,Muchinga,Shiwang'andu,15191,13535,502,4830
2024,6,Muchinga,Shiwang'andu,6839,5917,390,1695
2024,7,Muchinga,Shiwang'andu,7474,5997,329,1851
2024,8,Muchinga,Shiwang'andu,6411,5126,345,1297
2024,9,Muchinga,Shiwang'andu,3887,3446,148,1214
2024,10,Muchinga,Shiwang'andu,4693,4176,291,1513
2024,11,Muchinga,Shiwang'andu,8111,6451,474,2778
2024,12,Muchinga,Shiwang'andu,17459,14852,875,3971
2025,1,Lusaka,Lusaka,3738,3088,224,882
2025,2,Lusaka,Lusaka,2777,2527,64,641
2025,3,Lusaka,Lusaka,2773,2217,158,897
2025,4,Lusaka,Lusaka,3436,2670,212,913
2025,5,Lusaka,Lusaka,1992,1749,58,497
2025,6,Lusaka,Lusaka,1489,1334,41,437
2025,7,Lusaka,Lusaka,863,766,17,295
2025,8,Lusaka,Lusaka,680,574,13,243
2025,9,Lusaka,Lusaka,920,786,57,308
2025,10,Lusaka,Lusaka,808,709,15,230
2025,11,Lusaka,Lusaka,1857,1607,128,618
2025,12,Lusaka,Lusaka,2886,2328,138,645
2025,1,Lusaka,Chongwe,1196,999,46,283
2025,2,Lusaka,Chongwe,826,644,47,265
2025,3,Lusaka,Chongwe,1272,1152,23,483
2025,4,Lusaka,Chongwe,2113,1749,72,582
2025,5,Lusaka,Chongwe,1047,921,30,376
2025,6,Lusaka,Chongwe,743,640,41,222
2025,7,Lusaka,Chongwe,317,262,17,112
2025,8,Lusaka,Chongwe,352,291,14,127
2025,9,Lusaka,Chongwe,428,379,11,106
2025,10,Lusaka,Chongwe,558,472,26,126
2025,11,Lusaka,Chongwe,1125,941,31,301
2025,12,Lusaka,Chongwe,1373,1099,70,294
2025,1,Lusaka,Kafue,1790,1562,81,566
2025,2,Lusaka,Kafue,2783,2276,109,663
2025,3,Lusaka,Kafue,2408,2139,103,955
2025,4,Lusaka,Kafue,2311,2032,77,893
2025,5,Lusaka,Kafue,2575,2205,150,753
2025,6,Lusaka,Kafue,1751,1435,108,414
2025,7,Lusaka,Kafue,1231,1083,45,349
2025,8,Lusaka,Kafue,1316,1086,28,338
2025,9,Lusaka,Kafue,1031,871,54,293
2025,10,Lusaka,Kafue,813,693,43,179
2025,11,Lusaka,Kafue,1180,1030,57,440
2025,12,Lusaka,Kafue,3270,2867,107,795
2025,1,Lusaka,Luangwa,2192,1900,48,826
2025,2,Lusaka,Luangwa,4437,4090,97,1334
2025,3,Lusaka,Luangwa,2778,2354,83,912
2025,4,Lusaka,Luangwa,2392,1992,156,745
2025,5,Lusaka,Luangwa,2238,2034,97,558
2025,6,Lusaka,Luangwa,601,518,38,215
2025,7,Lusaka,Luangwa,539,497,13,194
2025,8,Lusaka,Luangwa,905,774,38,266
2025,9,Lusaka,Luangwa,882,764,34,249
2025,10,Lusaka,Luangwa,509,411,30,160
2025,11,Lusaka,Luangwa,1525,1271,100,465
2025,12,Lusaka,Luangwa,2862,2252,141,705
2025,1,Lusaka,Chilanga,2401,2075,81,897
2025,2,Lusaka,Chilanga,3819,3140,173,937
2025,3,Lusaka,Chilanga,4519,3867,120,1500
2025,4,Lusaka,Chilanga,4213,3811,114,1544
2025,5,Lusaka,Chilanga,4939,4424,138,1657
2025,6,Lusaka,Chilanga,2868,2469,131,735
2025,7,Lusaka,Chilanga,1764,1557,94,467
2025,8,Lusaka,Chilanga,1358,1189,23,448
2025,9,Lusaka,Chilanga,1547,1356,70,390
2025,10,Lusaka,Chilanga,1324,1212,41,532
2025,11,Lusaka,Chilanga,2075,1795,120,619
2025,12,Lusaka,Chilanga,1862,1537,63,676
2025,1,Lusaka,Rufunsa,1828,1514,79,488
2025,2,Lusaka,Rufunsa,3156,2771,127,890
2025,3,Lusaka,Rufunsa,2351,1903,125,836
2025,4,Lusaka,Rufunsa,2015,1666,108,744
2025,5,Lusaka,Rufunsa,2537,2186,141,597
2025,6,Lusaka,Rufunsa,1630,1485,39,436
2025,7,Lusaka,Rufunsa,645,544,14,194
2025,8,Lusaka,Rufunsa,632,519,17,165
2025,9,Lusaka,Rufunsa,1005,799,44,210
2025,10,Lusaka,Rufunsa,1294,1041,66,310
2025,11,Lusaka,Rufunsa,2443,1937,105,520
2025,12,Lusaka,Rufunsa,1812,1569,46,480
2025,1,Copperbelt,Kitwe,4440,3733,208,1530
2025,2,Copperbelt,Kitwe,7152,5770,212,1492
2025,3,Copperbelt,Kitwe,5542,4535,324,1412
2025,4,Copperbelt,Kitwe,4973,4455,107,1917
2025,5,Copperbelt,Kitwe,4644,3663,233,1406
2025,6,Copperbelt,Kitwe,1931,1591,50,655
2025,7,Copperbelt,Kitwe,2236,1934,50,566
2025,8,Copperbelt,Kitwe,1534,1292,43,519
2025,9,Copperbelt,Kitwe,2040,1644,126,420
2025,10,Copperbelt,Kitwe,2598,2348,117,640
2025,11,Copperbelt,Kitwe,3018,2526,69,917
2025,12,Copperbelt,Kitwe,3791,3393,80,1190
2025,1,Copperbelt,Ndola,7292,5848,298,1691
2025,2,Copperbelt,Ndola,11574,9099,588,3049
2025,3,Copperbelt,Ndola,7821,6301,407,2298
2025,4,Copperbelt,Ndola,6427,5400,242,2041
2025,5,Copperbelt,Ndola,4506,3935,117,1372
2025,6,Copperbelt,Ndola,3617,2990,103,1051
2025,7,Copperbelt,Ndola,2673,2166,135,758
2025,8,Copperbelt,Ndola,1694,1423,64,520
2025,9,Copperbelt,Ndola,1326,1120,66,466
2025,10,Copperbelt,Ndola,2032,1695,91,662
2025,11,Copperbelt,Ndola,3170,2596,201,1144
2025,12,Copperbelt,Ndola,4726,3963,146,1047
2025,1,Copperbelt,Mufulira,6315,5191,204,2102
2025,2,Copperbelt,Mufulira,8571,6829,382,2598
2025,3,Copperbelt,Mufulira,10748,9330,540,2768
2025,4,Copperbelt,Mufulira,6845,5775,219,1731
2025,5,Copperbelt,Mufulira,7133,5970,408,2035
2025,6,Copperbelt,Mufulira,4776,3937,109,1287
2025,7,Copperbelt,Mufulira,4281,3584,119,1035
2025,8,Copperbelt,Mufulira,2176,1857,111,703
2025,9,Copperbelt,Mufulira,2413,1988,57,691
2025,10,Copperbelt,Mufulira,3759,3365,106,1244
2025,11,Copperbelt,Mufulira,5263,4494,353,1829
2025,12,Copperbelt,Mufulira,5351,4722,214,1796
2025,1,Copperbelt,Chingola,9182,8037,340,3389
2025,2,Copperbelt,Chingola,12625,11284,485,4914
2025,3,Copperbelt,Chingola,15653,14506,395,5166
2025,4,Copperbelt,Chingola,10059,8203,584,3197
2025,5,Copperbelt,Chingola,11725,9350,520,3648
2025,6,Copperbelt,Chingola,6783,6067,315,1917
2025,7,Copperbelt,Chingola,6851,5998,427,1670
2025,8,Copperbelt,Chingola,3960,3239,143,990
2025,9,Copperbelt,Chingola,3920,3180,223,1343
2025,10,Copperbelt,Chingola,5460,4555,340,1747
2025,11,Copperbelt,Chingola,5390,4391,324,1814
2025,12,Copperbelt,Chingola,9824,8447,423,2671
2025,1,Copperbelt,Luanshya,4814,4258,147,1830
2025,2,Copperbelt,Luanshya,7279,6140,203,2283
2025,3,Copperbelt,Luanshya,8010,6364,337,1634
2025,4,Copperbelt,Luanshya,10115,8309,601,2182
2025,5,Copperbelt,Luanshya,3993,3380,122,1082
2025,6,Copperbelt,Luanshya,2269,1996,90,829
2025,7,Copperbelt,Luanshya,2307,2021,53,657
2025,8,Copperbelt,Luanshya,1454,1170,64,423
2025,9,Copperbelt,Luanshya,2048,1787,102,576
2025,10,Copperbelt,Luanshya,2264,2067,83,536
2025,11,Copperbelt,Luanshya,4081,3335,234,1112
2025,12,Copperbelt,Luanshya,3532,3034,137,1189
2025,1,Copperbelt,Kalulushi,13727,11279,468,4447
2025,2,Copperbelt,Kalulushi,9799,8390,385,2809
2025,3,Copperbelt,Kalulushi,14360,12591,905,4323
2025,4,Copperbelt,Kalulushi,15440,13297,648,4843
2025,5,Copperbelt,Kalulushi,9602,8310,564,3365
2025,6,Copperbelt,Kalulushi,3555,2954,72,1196
2025,7,Copperbelt,Kalulushi,4980,4021,192,1243
2025,8,Copperbelt,Kalulushi,6608,5425,305,1399
2025,9,Copperbelt,Kalulushi,3414,2814,109,1149
2025,10,Copperbelt,Kalulushi,5479,5008,130,1486
2025,11,Copperbelt,Kalulushi,10610,8515,573,2246
2025,12,Copperbelt,Kalulushi,8744,6906,426,2970
2025,1,Copperbelt,Chililabombwe,11484,10228,331,2936
2025,2,Copperbelt,Chililabombwe,10609,8608,333,2858
2025,3,Copperbelt,Chililabombwe,10310,9024,623,3638
2025,4,Copperbelt,Chililabombwe,10833,9590,433,3514
2025,5,Copperbelt,Chililabombwe,10104,9012,526,3604
2025,6,Copperbelt,Chililabombwe,6551,5135,381,1319
2025,7,Copperbelt,Chililabombwe,2783,2313,102,936
2025,8,Copperbelt,Chililabombwe,7255,5897,309,1528
2025,9,Copperbelt,Chililabombwe,4264,3736,234,1169
2025,10,Copperbelt,Chililabombwe,5569,4536,303,1687
2025,11,Copperbelt,Chililabombwe,10897,8800,414,2594
2025,12,Copperbelt,Chililabombwe,8568,6907,360,2439
2025,1,Copperbelt,Lufwanyama,10442,8559,290,2839
2025,2,Copperbelt,Lufwanyama,7600,6867,217,2643
2025,3,Copperbelt,Lufwanyama,8015,6312,445,2760
2025,4,Copperbelt,Lufwanyama,8038,6489,366,1956
2025,5,Copperbelt,Lufwanyama,5428,4509,183,1952
2025,6,Copperbelt,Lufwanyama,3441,3045,113,1223
2025,7,Copperbelt,Lufwanyama,3037,2663,68,1134
2025,8,Copperbelt,Lufwanyama,1769,1474,94,466
2025,9,Copperbelt,Lufwanyama,4994,4175,126,1060
2025,10,Copperbelt,Lufwanyama,3795,3017,156,866
2025,11,Copperbelt,Lufwanyama,5369,4554,137,1728
2025,12,Copperbelt,Lufwanyama,12022,10695,371,3510
2025,1,Copperbelt,Mpongwe,9728,7973,310,2805
2025,2,Copperbelt,Mpongwe,5899,4739,374,1986
2025,3,Copperbelt,Mpongwe,10835,8669,644,2873
2025,4,Copperbelt,Mpongwe,9968,8194,606,2919
2025,5,Copperbelt,Mpongwe,10777,8816,390,2397
2025,6,Copperbelt,Mpongwe,3010,2763,89,1220
2025,7,Copperbelt,Mpongwe,4771,4143,194,1427
2025,8,Copperbelt,Mpongwe,4480,3677,120,1111
2025,9,Copperbelt,Mpongwe,4962,3998,192,1322
2025,10,Copperbelt,Mpongwe,4560,3898,115,1369
2025,11,Copperbelt,Mpongwe,4892,3977,135,1281
2025,12,Copperbelt,Mpongwe,15127,12904,337,3600
2025,1,Copperbelt,Masaiti,3809,3374,149,1455
2025,2,Copperbelt,Masaiti,5857,5155,342,1810
2025,3,Copperbelt,Masaiti,5169,4619,228,1783
2025,4,Copperbelt,Masaiti,6746,5676,159,1844
2025,5,Copperbelt,Masaiti,3328,3003,77,1225
2025,6,Copperbelt,Masaiti,2269,2007,129,850
2025,7,Copperbelt,Masaiti,2517,2005,150,688
2025,8,Copperbelt,Masaiti,2866,2464,139,634
2025,9,Copperbelt,Masaiti,1919,1678,99,599
2025,10,Copperbelt,Masaiti,1234,1074,79,463
2025,11,Copperbelt,Masaiti,3362,2712,91,1049
2025,12,Copperbelt,Masaiti,3331,2752,110,1199
2025,1,Central,Kabwe,16239,13216,889,3941
2025,2,Central,Kabwe,19453,15591,1166,4288
2025,3,Central,Kabwe,8714,7665,554,2576
2025,4,Central,Kabwe,7020,6245,265,2674
2025,5,Central,Kabwe,7404,6544,502,2355
2025,6,Central,Kabwe,4159,3554,202,1518
2025,7,Central,Kabwe,4185,3477,226,893
2025,8,Central,Kabwe,3559,3098,81,1013
2025,9,Central,Kabwe,1957,1585,118,696
2025,10,Central,Kabwe,2074,1913,56,796
2025,11,Central,Kabwe,6410,5087,259,1875
2025,12,Central,Kabwe,11401,9679,244,2558
2025,1,Central,Chibombo,7493,6265,490,1677
2025,2,Central,Chibombo,11718,9670,248,2715
2025,3,Central,Chibombo,6256,5649,254,2216
2025,4,Central,Chibombo,16041,13309,530,3353
2025,5,Central,Chibombo,4219,3790,159,1343
2025,6,Central,Chibombo,3771,3128,133,1318
2025,7,Central,Chibombo,2853,2405,96,680
2025,8,Central,Chibombo,2164,1874,55,735
2025,9,Central,Chibombo,1094,1014,23,451
2025,10,Central,Chibombo,2981,2606,182,838
2025,11,Central,Chibombo,5851,5176,308,1649
2025,12,Central,Chibombo,3985,3266,65,1389
2025,1,Central,Kapiri Mposhi,12011,10457,785,2731
2025,2,Central,Kapiri Mposhi,11947,9549,439,3481
2025,3,Central,Kapiri Mposhi,13486,11094,694,3389
2025,4,Central,Kapiri Mposhi,9500,7783,517,2979
2025,5,Central,Kapiri Mposhi,12667,11016,773,3325
2025,6,Central,Kapiri Mposhi,5802,5133,281,1355
2025,7,Central,Kapiri Mposhi,5448,4378,221,1452
2025,8,Central,Kapiri Mposhi,4285,3576,191,1217
2025,9,Central,Kapiri Mposhi,2971,2616,143,1177
2025,10,Central,Kapiri Mposhi,5011,4055,275,1044
2025,11,Central,Kapiri Mposhi,6880,6027,183,1837
2025,12,Central,Kapiri Mposhi,10371,8405,410,2655
2025,1,Central,Mkushi,4797,3989,217,1110
2025,2,Central,Mkushi,4706,3931,142,1749
2025,3,Central,Mkushi,6226,4888,303,1772
2025,4,Central,Mkushi,4718,4014,113,1600
2025,5,Central,Mkushi,2836,2517,137,1105
2025,6,Central,Mkushi,1403,1260,48,419
2025,7,Central,Mkushi,1619,1373,104,426
2025,8,Central,Mkushi,981,806,25,332
2025,9,Central,Mkushi,2200,1858,47,544
2025,10,Central,Mkushi,2330,1911,105,634
2025,11,Central,Mkushi,4035,3218,209,999
2025,12,Central,Mkushi,6679,5655,332,1538
2025,1,Central,Mumbwa,9229,7379,511,2100
2025,2,Central,Mumbwa,6263,5560,220,2420
2025,3,Central,Mumbwa,5625,4987,253,1840
2025,4,Central,Mumbwa,6300,5148,147,2102
2025,5,Central,Mumbwa,7955,7063,387,2828
2025,6,Central,Mumbwa,4423,4017,165,1077
2025,7,Central,Mumbwa,4373,3754,77,946
2025,8,Central,Mumbwa,2276,2017,147,650
2025,9,Central,Mumbwa,1636,1355,53,480
2025,10,Central,Mumbwa,2225,1863,51,573
2025,11,Central,Mumbwa,4143,3332,225,1304
2025,12,Central,Mumbwa,6236,5086,397,1621
2025,1,Central,Serenje,7472,6598,292,2845
2025,2,Central,Serenje,13115,11734,717,4480
2025,3,Central,Serenje,10504,8830,336,3242
2025,4,Central,Serenje,7224,6205,473,2397
2025,5,Central,Serenje,5104,4407,235,1873
2025,6,Central,Serenje,4771,3887,205,1234
2025,7,Central,Serenje,3546,2939,156,781
2025,8,Central,Serenje,2800,2339,70,1017
2025,9,Central,Serenje,3673,3228,165,810
2025,10,Central,Serenje,3391,3047,176,855
2025,11,Central,Serenje,6266,5051,189,1797
2025,12,Central,Serenje,9639,8169,604,2609
2025,1,Central,Itezhi-Tezhi,8183,7171,462,2095
2025,2,Central,Itezhi-Tezhi,10406,8480,245,2481
2025,3,Central,Itezhi-Tezhi,7302,5979,430,2511
2025,4,Central,Itezhi-Tezhi,7066,5602,419,1867
2025,5,Central,Itezhi-Tezhi,5298,4621,156,1624
2025,6,Central,Itezhi-Tezhi,3071,2618,164,720
2025,7,Central,Itezhi-Tezhi,2203,1783,88,762
2025,8,Central,Itezhi-Tezhi,1493,1274,82,373
2025,9,Central,Itezhi-Tezhi,1534,1355,97,605
2025,10,Central,Itezhi-Tezhi,2350,1856,141,711
2025,11,Central,Itezhi-Tezhi,3830,3179,125,1275
2025,12,Central,Itezhi-Tezhi,4813,4227,189,1073
2025,1,Central,Chitambo,10105,8279,509,3535
2025,2,Central,Chitambo,15043,12660,535,3598
2025,3,Central,Chitambo,13044,11201,880,2871
2025,4,Central,Chitambo,10873,9603,682,3558
2025,5,Central,Chitambo,11183,9220,663,2509
2025,6,Central,Chitambo,7417,5996,295,2370
2025,7,Central,Chitambo,4694,3971,164,1438
2025,8,Central,Chitambo,5441,4446,174,1221
2025,9,Central,Chitambo,6010,4983,284,1384
2025,10,Central,Chitambo,4537,3872,81,1103
2025,11,Central,Chitambo,4683,4110,236,1792
2025,12,Central,Chitambo,14532,12065,710,4538
2025,1,Central,Luano,11762,9607,355,3663
2025,2,Central,Luano,14479,12358,762,4828
2025,3,Central,Luano,20067,16168,831,5132
2025,4,Central,Luano,8927,7384,153,2154
2025,5,Central,Luano,9418,7648,534,2091
2025,6,Central,Luano,5797,4875,221,1795
2025,7,Central,Luano,6957,5858,190,1685
2025,8,Central,Luano,5584,4637,264,1302
2025,9,Central,Luano,2084,1820,109,777
2025,10,Central,Luano,1950,1654,68,662
2025,11,Central,Luano,6603,5637,421,2212
2025,12,Central,Luano,8024,6870,480,2454
2025,1,Central,Ngabwe,9430,8216,304,3271
2025,2,Central,Ngabwe,10001,8164,189,3447
2025,3,Central,Ngabwe,17424,14095,675,4390
2025,4,Central,Ngabwe,20745,17988,1203,4666
2025,5,Central,Ngabwe,11806,9832,300,3110
2025,6,Central,Ngabwe,3332,2968,185,1282
2025,7,Central,Ngabwe,4595,4172,140,1592
2025,8,Central,Ngabwe,3850,3099,116,1117
2025,9,Central,Ngabwe,3168,2757,179,998
2025,10,Central,Ngabwe,3557,2978,230,962
2025,11,Central,Ngabwe,4900,3929,162,1371
2025,12,Central,Ngabwe,11786,9680,765,3428
2025,1,Central,Shibuyunji,4881,3975,139,1553
2025,2,Central,Shibuyunji,3453,2887,77,1188
2025,3,Central,Shibuyunji,6380,5252,180,1581
2025,4,Central,Shibuyunji,2376,2107,154,876
2025,5,Central,Shibuyunji,3389,2881,127,1093
2025,6,Central,Shibuyunji,4947,3967,236,1002
2025,7,Central,Shibuyunji,1372,1211,87,468
2025,8,Central,Shibuyunji,2587,2162,129,571
2025,9,Central,Shibuyunji,1174,1033,69,422
2025,10,Central,Shibuyunji,2642,2094,151,645
2025,11,Central,Shibuyunji,3891,3302,110,840
2025,12,Central,Shibuyunji,5226,4525,206,1444
2025,1,Southern,Choma,2025,1716,42,590
2025,2,Southern,Choma,1857,1483,80,529
2025,3,Southern,Choma,1573,1280,39,541
2025,4,Southern,Choma,2662,2445,54,647
2025,5,Southern,Choma,1486,1279,75,498
2025,6,Southern,Choma,769,634,22,233
2025,7,Southern,Choma,968,810,55,227
2025,8,Southern,Choma,765,635,47,165
2025,9,Southern,Choma,748,629,15,219
2025,10,Southern,Choma,434,363,14,147
2025,11,Southern,Choma,1733,1419,105,528
2025,12,Southern,Choma,1758,1536,121,599
2025,1,Southern,Livingstone,1611,1248,97,464
2025,2,Southern,Livingstone,1369,1189,91,356
2025,3,Southern,Livingstone,1239,1041,77,452
2025,4,Southern,Livingstone,1127,980,43,320
2025,5,Southern,Livingstone,1123,1003,66,326
2025,6,Southern,Livingstone,566,452,26,156
2025,7,Southern,Livingstone,963,815,34,210
2025,8,Southern,Livingstone,492,417,26,127
2025,9,Southern,Livingstone,511,401,27,143
2025,10,Southern,Livingstone,418,337,25,151
2025,11,Southern,Livingstone,573,485,30,183
2025,12,Southern,Livingstone,1268,1114,81,315
2025,1,Southern,Mazabuka,3828,3207,149,1096
2025,2,Southern,Mazabuka,6707,6071,167,1963
2025,3,Southern,Mazabuka,4267,3617,137,1571
2025,4,Southern,Mazabuka,6594,5455,137,1777
2025,5,Southern,Mazabuka,4476,3955,117,1266
2025,6,Southern,Mazabuka,1948,1660,132,721
2025,7,Southern,Mazabuka,1494,1290,87,544
2025,8,Southern,Mazabuka,1851,1513,58,425
2025,9,Southern,Mazabuka,1169,1016,31,454
2025,10,Southern,Mazabuka,2941,2419,166,670
2025,11,Southern,Mazabuka,2589,2268,105,765
2025,12,Southern,Mazabuka,6423,5244,200,1679
2025,1,Southern,Monze,4959,3878,270,1093
2025,2,Southern,Monze,2561,2137,101,866
2025,3,Southern,Monze,5869,5085,140,1674
2025,4,Southern,Monze,3577,3103,161,872
2025,5,Southern,Monze,2266,1879,42,598
2025,6,Southern,Monze,2240,1782,114,567
2025,7,Southern,Monze,1163,1041,32,312
2025,8,Southern,Monze,815,684,29,187
2025,9,Southern,Monze,767,676,16,258
2025,10,Southern,Monze,1187,1068,41,370
2025,11,Southern,Monze,1869,1596,122,631
2025,12,Southern,Monze,3286,2614,172,837
2025,1,Southern,Namwala,2991,2612,171,1027
2025,2,Southern,Namwala,5719,4737,320,1442
2025,3,Southern,Namwala,6789,5616,327,1948
2025,4,Southern,Namwala,5276,4703,257,2116
2025,5,Southern,Namwala,2667,2322,183,1034
2025,6,Southern,Namwala,2466,2001,145,801
2025,7,Southern,Namwala,1759,1557,60,636
2025,8,Southern,Namwala,1676,1379,98,431
2025,9,Southern,Namwala,2236,1820,64,460
2025,10,Southern,Namwala,2201,1932,113,754
2025,11,Southern,Namwala,2742,2266,77,850
2025,12,Southern,Namwala,3907,3163,107,1273
2025,1,Southern,Kalomo,1921,1650,130,568
2025,2,Southern,Kalomo,1306,1182,59,441
2025,3,Southern,Kalomo,1567,1321,96,572
2025,4,Southern,Kalomo,1366,1250,26,378
2025,5,Southern,Kalomo,694,557,41,239
2025,6,Southern,Kalomo,590,500,19,224
2025,7,Southern,Kalomo,569,513,26,219
2025,8,Southern,Kalomo,496,439,30,185
2025,9,Southern,Kalomo,657,564,44,161
2025,10,Southern,Kalomo,423,395,8,173
2025,11,Southern,Kalomo,324,266,5,114
2025,12,Southern,Kalomo,1630,1440,49,515
2025,1,Southern,Siavonga,5480,4492,329,1196
2025,2,Southern,Siavonga,6245,5135,109,1813
2025,3,Southern,Siavonga,3054,2655,132,990
2025,4,Southern,Siavonga,4599,3794,87,1163
2025,5,Southern,Siavonga,2940,2522,187,1003
2025,6,Southern,Siavonga,1918,1562,67,522
2025,7,Southern,Siavonga,1324,1071,58,476
2025,8,Southern,Siavonga,2082,1635,108,416
2025,9,Southern,Siavonga,1343,1146,79,425
2025,10,Southern,Siavonga,1153,981,59,282
2025,11,Southern,Siavonga,2229,1923,116,829
2025,12,Southern,Siavonga,3839,2994,215,1174
2025,1,Southern,Sinazongwe,2119,1719,60,685
2025,2,Southern,Sinazongwe,2532,2148,67,675
2025,3,Southern,Sinazongwe,2372,1952,122,564
2025,4,Southern,Sinazongwe,2041,1858,58,522
2025,5,Southern,Sinazongwe,2253,1887,97,846
2025,6,Southern,Sinazongwe,1441,1222,93,482
2025,7,Southern,Sinazongwe,1309,1090,86,299
2025,8,Southern,Sinazongwe,887,765,28,275
2025,9,Southern,Sinazongwe,1042,897,38,349
2025,10,Southern,Sinazongwe,706,609,24,245
2025,11,Southern,Sinazongwe,1026,850,56,329
2025,12,Southern,Sinazongwe,1177,960,25,372
2025,1,Southern,Gwembe,5240,4138,325,1516
2025,2,Southern,Gwembe,4515,3962,199,991
2025,3,Southern,Gwembe,6167,4973,205,1508
2025,4,Southern,Gwembe,4111,3658,224,1154
2025,5,Southern,Gwembe,3425,3007,194,992
2025,6,Southern,Gwembe,2317,2071,130,529
2025,7,Southern,Gwembe,1333,1163,27,392
2025,8,Southern,Gwembe,1546,1347,36,421
2025,9,Southern,Gwembe,1081,933,66,361
2025,10,Southern,Gwembe,1406,1196,44,486
2025,11,Southern,Gwembe,3089,2497,151,764
2025,12,Southern,Gwembe,3611,3130,92,906
2025,1,Southern,Kazungula,4071,3573,263,1428
2025,2,Southern,Kazungula,3978,3162,252,1256
2025,3,Southern,Kazungula,6611,5898,205,1706
2025,4,Southern,Kazungula,5414,4915,173,1470
2025,5,Southern,Kazungula,3478,2893,116,1038
2025,6,Southern,Kazungula,1870,1624,47,558
2025,7,Southern,Kazungula,1764,1631,49,589
2025,8,Southern,Kazungula,1462,1183,53,408
2025,9,Southern,Kazungula,1351,1068,80,432
2025,10,Southern,Kazungula,1530,1384,72,608
2025,11,Southern,Kazungula,3205,2586,113,880
2025,12,Southern,Kazungula,3596,3080,192,1239
2025,1,Southern,Zimba,2960,2504,151,838
2025,2,Southern,Zimba,3509,3146,108,1332
2025,3,Southern,Zimba,4198,3510,89,945
2025,4,Southern,Zimba,5044,4527,238,1281
2025,5,Southern,Zimba,2063,1650,93,721
2025,6,Southern,Zimba,3548,3039,204,770
2025,7,Southern,Zimba,792,676,16,241
2025,8,Southern,Zimba,854,771,24,265
2025,9,Southern,Zimba,1182,980,66,264
2025,10,Southern,Zimba,1472,1296,40,351
2025,11,Southern,Zimba,1278,1141,61,403
2025,12,Southern,Zimba,1968,1593,126,606
2025,1,Southern,Chikankata,656,537,32,200
2025,2,Southern,Chikankata,1057,864,53,388
2025,3,Southern,Chikankata,2121,1726,109,459
2025,4,Southern,Chikankata,992,855,52,255
2025,5,Southern,Chikankata,846,659,49,252
2025,6,Southern,Chikankata,823,717,31,190
2025,7,Southern,Chikankata,303,237,18,88
2025,8,Southern,Chikankata,502,434,17,135
2025,9,Southern,Chikankata,236,211,12,74
2025,10,Southern,Chikankata,491,416,16,138
2025,11,Southern,Chikankata,495,433,25,183
2025,12,Southern,Chikankata,1029,885,33,283
2025,1,Eastern,Chipata,15343,13152,871,5446
2025,2,Eastern,Chipata,27967,22704,820,8334
2025,3,Eastern,Chipata,22672,19362,664,6538
2025,4,Eastern,Chipata,28033,23395,1041,6186
2025,5,Eastern,Chipata,32363,25834,1681,6617
2025,6,Eastern,Chipata,10862,9232,528,2700
2025,7,Eastern,Chipata,5555,4909,292,2093
2025,8,Eastern,Chipata,6529,5141,401,1904
2025,9,Eastern,Chipata,11586,9852,315,2719
2025,10,Eastern,Chipata,5516,4578,279,2058
2025,11,Eastern,Chipata,12410,10849,418,2890
2025,12,Eastern,Chipata,13450,11911,683,3684
2025,1,Eastern,Petauke,9090,7275,551,2402
2025,2,Eastern,Petauke,10712,9389,507,4048
2025,3,Eastern,Petauke,9824,8760,506,2776
2025,4,Eastern,Petauke,11004,9501,413,3656
2025,5,Eastern,Petauke,7251,5902,327,2072
2025,6,Eastern,Petauke,7824,6915,174,2527
2025,7,Eastern,Petauke,4999,4373,92,1733
2025,8,Eastern,Petauke,3326,2760,131,941
2025,9,Eastern,Petauke,4053,3259,193,1073
2025,10,Eastern,Petauke,4172,3265,233,1381
2025,11,Eastern,Petauke,7560,6128,359,2403
2025,12,Eastern,Petauke,6808,5393,397,2026
2025,1,Eastern,Katete,16186,13489,478,4281
2025,2,Eastern,Katete,20190,17123,465,5926
2025,3,Eastern,Katete,19442,17795,620,5855
2025,4,Eastern,Katete,29398,24569,1622,6347
2025,5,Eastern,Katete,15415,13008,985,3434
2025,6,Eastern,Katete,7935,7023,308,1974
2025,7,Eastern,Katete,5658,4915,233,1927
2025,8,Eastern,Katete,5809,5032,243,1741
2025,9,Eastern,Katete,5903,5096,263,1511
2025,10,Eastern,Katete,6660,6058,159,1572
2025,11,Eastern,Katete,16802,14763,945,3715
2025,12,Eastern,Katete,12631,10248,286,4198
2025,1,Eastern,Lundazi,15211,13931,394,3600
2025,2,Eastern,Lundazi,14124,12042,821,3902
2025,3,Eastern,Lundazi,24529,19544,981,6491
2025,4,Eastern,Lundazi,12538,10624,791,3683
2025,5,Eastern,Lundazi,14073,11915,335,3032
2025,6,Eastern,Lundazi,9089,7996,517,2288
2025,7,Eastern,Lundazi,5727,4647,250,1216
2025,8,Eastern,Lundazi,2698,2261,125,903
2025,9,Eastern,Lundazi,2815,2447,67,896
2025,10,Eastern,Lundazi,4272,3445,186,1038
2025,11,Eastern,Lundazi,8798,7083,278,2167
2025,12,Eastern,Lundazi,15572,12948,628,3634
2025,1,Eastern,Nyimba,41810,37443,2000,10080
2025,2,Eastern,Nyimba,25032,21340,785,7654
2025,3,Eastern,Nyimba,29947,26212,1796,9477
2025,4,Eastern,Nyimba,21375,18470,490,6275
2025,5,Eastern,Nyimba,17853,15613,920,6323
2025,6,Eastern,Nyimba,4859,4278,250,1900
2025,7,Eastern,Nyimba,10086,8538,245,2483
2025,8,Eastern,Nyimba,5707,4966,271,2084
2025,9,Eastern,Nyimba,7165,6168,302,1692
2025,10,Eastern,Nyimba,6084,4915,390,1867
2025,11,Eastern,Nyimba,13678,11991,710,4892
2025,12,Eastern,Nyimba,15455,13369,391,5649
2025,1,Eastern,Sinda,15087,12825,888,3636
2025,2,Eastern,Sinda,16122,14275,681,3708
2025,3,Eastern,Sinda,12774,10053,597,3998
2025,4,Eastern,Sinda,11402,9513,656,3514
2025,5,Eastern,Sinda,5411,4842,126,1821
2025,6,Eastern,Sinda,4646,3889,159,1148
2025,7,Eastern,Sinda,2758,2477,53,1076
2025,8,Eastern,Sinda,5301,4385,106,1147
2025,9,Eastern,Sinda,1529,1312,45,584
2025,10,Eastern,Sinda,2206,1740,136,713
2025,11,Eastern,Sinda,5496,4947,229,1961
2025,12,Eastern,Sinda,10084,8529,681,2804
2025,1,Eastern,Chadiza,31384,25418,820,6696
2025,2,Eastern,Chadiza,24568,20959,883,5426
2025,3,Eastern,Chadiza,17172,14264,1055,5242
2025,4,Eastern,Chadiza,21127,17703,859,4765
2025,5,Eastern,Chadiza,10678,9514,326,2586
2025,6,Eastern,Chadiza,8815,6910,535,2229
2025,7,Eastern,Chadiza,9702,8712,260,2826
2025,8,Eastern,Chadiza,3716,2976,126,984
2025,9,Eastern,Chadiza,3684,3065,133,1359
2025,10,Eastern,Chadiza,6408,5140,242,2292
2025,11,Eastern,Chadiza,13343,10628,846,2861
2025,12,Eastern,Chadiza,16113,12645,959,4414
2025,1,Eastern,Vubwi,21341,19246,495,4834
2025,2,Eastern,Vubwi,35296,30717,2216,9376
2025,3,Eastern,Vubwi,41875,34549,2030,8775
2025,4,Eastern,Vubwi,26667,22744,1084,6619
2025,5,Eastern,Vubwi,22070,18008,1094,5761
2025,6,Eastern,Vubwi,11781,10230,297,3661
2025,7,Eastern,Vubwi,10619,9628,454,2680
2025,8,Eastern,Vubwi,6976,5681,211,1958
2025,9,Eastern,Vubwi,7508,6162,262,1826
2025,10,Eastern,Vubwi,5295,4297,336,1722
2025,11,Eastern,Vubwi,11999,9870,782,3839
2025,12,Eastern,Vubwi,19164,15662,353,6650
2025,1,Eastern,Mambwe,17051,14729,644,5173
2025,2,Eastern,Mambwe,21737,19176,1346,7193
2025,3,Eastern,Mambwe,55307,45276,2838,12615
2025,4,Eastern,Mambwe,31834,26187,1675,6861
2025,5,Eastern,Mambwe,15018,13199,502,3623
2025,6,Eastern,Mambwe,10312,8519,270,2862
2025,7,Eastern,Mambwe,5165,4028,304,1624
2025,8,Eastern,Mambwe,8695,7351,510,2804
2025,9,Eastern,Mambwe,6721,5673,140,1667
2025,10,Eastern,Mambwe,8958,7158,388,2481
2025,11,Eastern,Mambwe,18990,15826,527,4692
2025,12,Eastern,Mambwe,13058,10997,495,3974
2025,1,Eastern,Chasefu,21475,17361,591,6847
2025,2,Eastern,Chasefu,10760,9376,280,3344
2025,3,Eastern,Chasefu,27450,22506,1493,7625
2025,4,Eastern,Chasefu,13103,10873,434,4012
2025,5,Eastern,Chasefu,9688,7930,399,2801
2025,6,Eastern,Chasefu,10380,8356,510,2591
2025,7,Eastern,Chasefu,6785,5531,367,2298
2025,8,Eastern,Chasefu,4926,4172,157,1082
2025,9,Eastern,Chasefu,8019,6380,449,1697
2025,10,Eastern,Chasefu,3596,3058,213,1261
2025,11,Eastern,Chasefu,5935,5208,305,2057
2025,12,Eastern,Chasefu,12967,11607,295,3883
2025,1,Eastern,Lumezi,17705,15005,842,4344
2025,2,Eastern,Lumezi,22091,18499,657,5950
2025,3,Eastern,Lumezi,18432,14899,482,6232
2025,4,Eastern,Lumezi,14712,11854,899,4751
2025,5,Eastern,Lumezi,17338,15372,769,3866
2025,6,Eastern,Lumezi,13968,12751,507,3270
2025,7,Eastern,Lumezi,19213,15906,732,5448
2025,8,Eastern,Lumezi,6284,5545,132,1644
2025,9,Eastern,Lumezi,11492,10483,393,2771
2025,10,Eastern,Lumezi,8538,7589,366,2894
2025,11,Eastern,Lumezi,7459,6093,408,2418
2025,12,Eastern,Lumezi,16095,13112,613,4397
2025,1,Western,Mongu,13554,11565,800,3528
2025,2,Western,Mongu,17465,14457,591,3825
2025,3,Western,Mongu,11539,10278,396,3278
2025,4,Western,Mongu,14060,12433,530,4174
2025,5,Western,Mongu,14674,12806,315,4026
2025,6,Western,Mongu,9804,8449,560,2422
2025,7,Western,Mongu,4736,3774,196,1250
2025,8,Western,Mongu,3488,3157,142,881
2025,9,Western,Mongu,3471,2779,115,932
2025,10,Western,Mongu,5670,4837,245,1398
2025,11,Western,Mongu,7854,6447,495,1810
2025,12,Western,Mongu,8178,6692,434,2662
2025,1,Western,Senanga,10728,9040,223,2274
2025,2,Western,Senanga,10257,9068,671,3322
2025,3,Western,Senanga,11935,10394,280,4457
2025,4,Western,Senanga,7781,6356,423,2722
2025,5,Western,Senanga,7184,5984,320,2589
2025,6,Western,Senanga,5107,4441,237,1395
2025,7,Western,Senanga,3845,3410,122,1260
2025,8,Western,Senanga,2086,1914,60,793
2025,9,Western,Senanga,3407,2977,214,1032
2025,10,Western,Senanga,7192,6437,292,1695
2025,11,Western,Senanga,6775,6064,125,2550
2025,12,Western,Senanga,13352,10779,555,3402
2025,1,Western,Sesheke,8282,6994,532,1886
2025,2,Western,Sesheke,4490,3650,285,1489
2025,3,Western,Sesheke,9816,7890,439,3445
2025,4,Western,Sesheke,9540,8581,401,3243
2025,5,Western,Sesheke,4409,3964,181,1552
2025,6,Western,Sesheke,3088,2531,58,902
2025,7,Western,Sesheke,1970,1694,44,631
2025,8,Western,Sesheke,1626,1407,89,598
2025,9,Western,Sesheke,1577,1242,82,542
2025,10,Western,Sesheke,3784,3097,186,876
2025,11,Western,Sesheke,2535,2167,142,959
2025,12,Western,Sesheke,3695,3261,145,1121
2025,1,Western,Kaoma,7118,5842,178,2545
2025,2,Western,Kaoma,13226,10531,633,3695
2025,3,Western,Kaoma,16488,13912,302,4532
2025,4,Western,Kaoma,17573,15267,481,6416
2025,5,Western,Kaoma,11103,9184,186,3286
2025,6,Western,Kaoma,10781,9050,209,2348
2025,7,Western,Kaoma,3323,2836,66,1211
2025,8,Western,Kaoma,2896,2491,63,789
2025,9,Western,Kaoma,2622,2087,150,776
2025,10,Western,Kaoma,4621,3801,289,1703
2025,11,Western,Kaoma,11059,9598,748,2492
2025,12,Western,Kaoma,11677,10075,624,4430
2025,1,Western,Kalabo,4877,4035,150,1648
2025,2,Western,Kalabo,7925,6679,205,2937
2025,3,Western,Kalabo,8765,7020,552,2017
2025,4,Western,Kalabo,7382,5908,376,2475
2025,5,Western,Kalabo,9630,7764,425,1979
2025,6,Western,Kalabo,2750,2529,85,925
2025,7,Western,Kalabo,1963,1606,107,644
2025,8,Western,Kalabo,2359,2108,55,807
2025,9,Western,Kalabo,2198,1757,121,527
2025,10,Western,Kalabo,2364,1946,73,782
2025,11,Western,Kalabo,5051,4096,147,1797
2025,12,Western,Kalabo,5753,5157,178,1914
2025,1,Western,Shang'ombo,4100,3263,197,1455
2025,2,Western,Shang'ombo,7311,5825,342,2007
2025,3,Western,Shang'ombo,10300,8547,547,2841
2025,4,Western,Shang'ombo,4775,3940,90,1665
2025,5,Western,Shang'ombo,4669,4144,135,1618
2025,6,Western,Shang'ombo,3548,2971,212,968
2025,7,Western,Shang'ombo,1986,1754,134,788
2025,8,Western,Shang'ombo,2956,2316,163,849
2025,9,Western,Shang'ombo,965,874,36,360
2025,10,Western,Shang'ombo,2250,1797,140,697
2025,11,Western,Shang'ombo,4968,4176,328,1851
2025,12,Western,Shang'ombo,5084,4562,263,1388
2025,1,Western,Lukulu,9899,8020,382,3554
2025,2,Western,Lukulu,18010,15041,694,4512
2025,3,Western,Lukulu,15832,13050,490,5037
2025,4,Western,Lukulu,15765,13253,273,3368
2025,5,Western,Lukulu,7497,6246,437,2092
2025,6,Western,Lukulu,7263,6274,449,2448
2025,7,Western,Lukulu,3806,3110,123,1337
2025,8,Western,Lukulu,4553,3684,160,965
2025,9,Western,Lukulu,3524,2954,131,1232
2025,10,Western,Lukulu,3453,2831,141,1123
2025,11,Western,Lukulu,4831,4025,296,1714
2025,12,Western,Lukulu,7973,6898,406,3036
2025,1,Western,Mwandi,9853,8427,628,2974
2025,2,Western,Mwandi,12374,10182,725,3398
2025,3,Western,Mwandi,18097,16368,630,5071
2025,4,Western,Mwandi,18751,16090,868,4139
2025,5,Western,Mwandi,14786,11693,930,3359
2025,6,Western,Mwandi,5358,4480,141,1913
2025,7,Western,Mwandi,4687,3856,166,1640
2025,8,Western,Mwandi,3444,2847,192,964
2025,9,Western,Mwandi,3764,3157,248,1070
2025,10,Western,Mwandi,6155,5067,286,1816
2025,11,Western,Mwandi,7546,6083,240,2530
2025,12,Western,Mwandi,10399,8587,603,3155
2025,1,Western,Sioma,8687,7112,305,1803
2025,2,Western,Sioma,8847,7786,591,2577
2025,3,Western,Sioma,14746,13141,656,3400
2025,4,Western,Sioma,9440,7625,597,2701
2025,5,Western,Sioma,5119,4301,96,1600
2025,6,Western,Sioma,4413,3590,227,1024
2025,7,Western,Sioma,3083,2675,98,853
2025,8,Western,Sioma,2208,1773,72,687
2025,9,Western,Sioma,1944,1622,98,555
2025,10,Western,Sioma,3655,3162,114,917
2025,11,Western,Sioma,7840,6577,420,1927
2025,12,Western,Sioma,5139,4110,247,1836
2025,1,Western,Mitete,15656,13931,842,4462
2025,2,Western,Mitete,17091,14010,1024,5069
2025,3,Western,Mitete,14571,12270,274,5326
2025,4,Western,Mitete,19403,15887,653,6184
2025,5,Western,Mitete,8071,7185,258,2318
2025,6,Western,Mitete,4819,4054,146,1422
2025,7,Western,Mitete,4145,3339,232,1075
2025,8,Western,Mitete,3815,3246,196,869
2025,9,Western,Mitete,4318,3577,89,1144
2025,10,Western,Mitete,5326,4783,96,1538
2025,11,Western,Mitete,11790,10675,308,3425
2025,12,Western,Mitete,9543,7968,368,3302
2025,1,Western,Nkeyema,13053,10922,591,3607
2025,2,Western,Nkeyema,20685,16534,1216,4555
2025,3,Western,Nkeyema,10858,9100,560,2406
2025,4,Western,Nkeyema,11287,9353,739,3202
2025,5,Western,Nkeyema,10369,8462,451,2522
2025,6,Western,Nkeyema,4353,3467,220,1436
2025,7,Western,Nkeyema,3797,3105,95,1352
2025,8,Western,Nkeyema,3673,3162,156,982
2025,9,Western,Nkeyema,3568,2970,128,1269
2025,10,Western,Nkeyema,4598,4201,148,1306
2025,11,Western,Nkeyema,7207,6044,361,1858
2025,12,Western,Nkeyema,8381,6589,466,2166
2025,1,Western,Luampa,6097,5514,138,1688
2025,2,Western,Luampa,12209,9729,722,3508
2025,3,Western,Luampa,10345,9080,369,2412
2025,4,Western,Luampa,6615,5603,311,2419
2025,5,Western,Luampa,6398,5696,123,1450
2025,6,Western,Luampa,3792,3138,84,1277
2025,7,Western,Luampa,1376,1247,43,493
2025,8,Western,Luampa,2253,1965,151,515
2025,9,Western,Luampa,2320,1955,123,567
2025,10,Western,Luampa,2132,1694,120,540
2025,11,Western,Luampa,4574,3853,82,1210
2025,12,Western,Luampa,4081,3404,78,1253
2025,1,Western,Limulunga,8438,7401,488,2586
2025,2,Western,Limulunga,12024,9944,757,4267
2025,3,Western,Limulunga,13536,10560,838,3974
2025,4,Western,Limulunga,6832,5753,266,2447
2025,5,Western,Limulunga,6862,5678,141,2298
2025,6,Western,Limulunga,5918,5144,302,1904
2025,7,Western,Limulunga,2425,2145,64,816
2025,8,Western,Limulunga,3016,2649,55,1162
2025,9,Western,Limulunga,3974,3297,155,878
2025,10,Western,Limulunga,2693,2434,75,1085
2025,11,Western,Limulunga,5719,4680,354,1763
2025,12,Western,Limulunga,6740,5640,177,2309
2025,1,North-Western,Solwezi,7168,6108,388,2353
2025,2,North-Western,Solwezi,9683,8797,394,3390
2025,3,North-Western,Solwezi,10953,9190,444,3207
2025,4,North-Western,Solwezi,8368,7143,416,2750
2025,5,North-Western,Solwezi,6378,5418,143,1433
2025,6,North-Western,Solwezi,3583,2963,232,1093
2025,7,North-Western,Solwezi,3366,3043,108,1245
2025,8,North-Western,Solwezi,3880,3218,139,890
2025,9,North-Western,Solwezi,3037,2654,91,714
2025,10,North-Western,Solwezi,2646,2138,161,645
2025,11,North-Western,Solwezi,4816,4261,160,1515
2025,12,North-Western,Solwezi,12542,10817,620,3008
2025,1,North-Western,Kasempa,4801,4136,241,1770
2025,2,North-Western,Kasempa,5893,5211,184,2038
2025,3,North-Western,Kasempa,6591,6066,204,1767
2025,4,North-Western,Kasempa,5635,4823,145,1936
2025,5,North-Western,Kasempa,5041,4358,250,1249
2025,6,North-Western,Kasempa,2959,2355,179,672
2025,7,North-Western,Kasempa,2390,2195,52,683
2025,8,North-Western,Kasempa,1651,1294,100,490
2025,9,North-Western,Kasempa,1373,1158,41,445
2025,10,North-Western,Kasempa,2660,2346,69,932
2025,11,North-Western,Kasempa,3893,3433,85,1213
2025,12,North-Western,Kasempa,4954,4234,156,1437
2025,1,North-Western,Mwinilunga,7278,5906,323,2487
2025,2,North-Western,Mwinilunga,22848,18954,414,5444
2025,3,North-Western,Mwinilunga,9429,7932,468,2651
2025,4,North-Western,Mwinilunga,10708,9283,389,4107
2025,5,North-Western,Mwinilunga,8427,6994,355,3000
2025,6,North-Western,Mwinilunga,4925,4103,187,1777
2025,7,North-Western,Mwinilunga,3974,3480,195,1140
2025,8,North-Western,Mwinilunga,3125,2771,204,1216
2025,9,North-Western,Mwinilunga,4200,3531,144,922
2025,10,North-Western,Mwinilunga,4185,3723,123,1139
2025,11,North-Western,Mwinilunga,7131,6188,262,1964
2025,12,North-Western,Mwinilunga,9457,8658,304,3126
2025,1,North-Western,Zambezi,5010,4150,309,1862
2025,2,North-Western,Zambezi,8442,7306,393,2766
2025,3,North-Western,Zambezi,5424,4415,169,1700
2025,4,North-Western,Zambezi,4905,4424,173,1704
2025,5,North-Western,Zambezi,2451,2139,58,894
2025,6,North-Western,Zambezi,5044,4422,239,1214
2025,7,North-Western,Zambezi,1926,1729,64,453
2025,8,North-Western,Zambezi,1732,1378,80,405
2025,9,North-Western,Zambezi,2137,1870,69,611
2025,10,North-Western,Zambezi,2874,2327,148,766
2025,11,North-Western,Zambezi,5323,4549,251,1177
2025,12,North-Western,Zambezi,3286,2860,207,873
2025,1,North-Western,Kabompo,7865,6869,505,2952
2025,2,North-Western,Kabompo,10954,9741,238,3955
2025,3,North-Western,Kabompo,22333,19308,900,5920
2025,4,North-Western,Kabompo,19376,17322,459,4404
2025,5,North-Western,Kabompo,18108,14899,896,4079
2025,6,North-Western,Kabompo,5512,4432,230,1749
2025,7,North-Western,Kabompo,4486,4102,95,1255
2025,8,North-Western,Kabompo,4409,3582,197,1555
2025,9,North-Western,Kabompo,4878,4365,92,1509
2025,10,North-Western,Kabompo,3094,2622,138,1093
2025,11,North-Western,Kabompo,6384,5215,249,2130
2025,12,North-Western,Kabompo,8604,6805,537,2440
2025,1,North-Western,Mufumbwe,8645,7554,350,3237
2025,2,North-Western,Mufumbwe,13878,11319,735,3599
2025,3,North-Western,Mufumbwe,10326,9392,405,2810
2025,4,North-Western,Mufumbwe,8471,6780,331,2302
2025,5,North-Western,Mufumbwe,10990,8761,593,3008
2025,6,North-Western,Mufumbwe,7168,6014,427,1862
2025,7,North-Western,Mufumbwe,2533,2315,47,918
2025,8,North-Western,Mufumbwe,1853,1583,95,705
2025,9,North-Western,Mufumbwe,3872,3176,183,1252
2025,10,North-Western,Mufumbwe,2663,2249,136,1009
2025,11,North-Western,Mufumbwe,8578,6870,495,1812
2025,12,North-Western,Mufumbwe,10406,9540,217,2838
2025,1,North-Western,Chavuma,14086,12013,578,4578
2025,2,North-Western,Chavuma,17560,14237,805,4429
2025,3,North-Western,Chavuma,28564,24666,1602,6723
2025,4,North-Western,Chavuma,8243,7010,509,3095
2025,5,North-Western,Chavuma,13149,10702,466,2697
2025,6,North-Western,Chavuma,9959,7986,502,2901
2025,7,North-Western,Chavuma,4861,3974,249,1290
2025,8,North-Western,Chavuma,3804,3375,82,1491
2025,9,North-Western,Chavuma,5096,4228,299,1318
2025,10,North-Western,Chavuma,3180,2838,97,1071
2025,11,North-Western,Chavuma,8393,6864,423,2797
2025,12,North-Western,Chavuma,11982,10427,210,4666
2025,1,North-Western,Manyinga,4785,4093,84,1594
2025,2,North-Western,Manyinga,4908,3892,235,1340
2025,3,North-Western,Manyinga,6526,5394,252,2167
2025,4,North-Western,Manyinga,7944,6538,431,2307
2025,5,North-Western,Manyinga,4137,3501,230,1255
2025,6,North-Western,Manyinga,4561,3774,75,1287
2025,7,North-Western,Manyinga,1438,1185,80,339
2025,8,North-Western,Manyinga,1707,1453,59,587
2025,9,North-Western,Manyinga,1569,1370,33,524
2025,10,North-Western,Manyinga,1185,1012,37,453
2025,11,North-Western,Manyinga,5609,4965,142,1280
2025,12,North-Western,Manyinga,5133,4278,285,1774
2025,1,North-Western,Ikelenge,7912,6190,434,2424
2025,2,North-Western,Ikelenge,8774,7044,495,1937
2025,3,North-Western,Ikelenge,13403,11064,340,3547
2025,4,North-Western,Ikelenge,9691,7880,550,2445
2025,5,North-Western,Ikelenge,6658,5469,129,2146
2025,6,North-Western,Ikelenge,3561,3005,106,1097
2025,7,North-Western,Ikelenge,3792,3259,74,974
2025,8,North-Western,Ikelenge,2325,1822,137,661
2025,9,North-Western,Ikelenge,4272,3827,232,1090
2025,10,North-Western,Ikelenge,5085,4013,268,1032
2025,11,North-Western,Ikelenge,6564,5417,257,2016
2025,12,North-Western,Ikelenge,7378,5915,275,2045
2025,1,North-Western,Mushindamo,8916,7602,158,3089
2025,2,North-Western,Mushindamo,20503,16444,834,4866
2025,3,North-Western,Mushindamo,10923,10053,217,3704
2025,4,North-Western,Mushindamo,8880,7941,409,3377
2025,5,North-Western,Mushindamo,8209,7124,283,1911
2025,6,North-Western,Mushindamo,4747,3986,207,1501
2025,7,North-Western,Mushindamo,3895,3430,186,1154
2025,8,North-Western,Mushindamo,3084,2565,122,823
2025,9,North-Western,Mushindamo,2463,1948,111,833
2025,10,North-Western,Mushindamo,5989,4740,292,1214
2025,11,North-Western,Mushindamo,7478,6243,145,1694
2025,12,North-Western,Mushindamo,7362,6097,297,2691
2025,1,North-Western,Kalumbila,11399,9721,552,2657
2025,2,North-Western,Kalumbila,6905,5622,158,2257
2025,3,North-Western,Kalumbila,14668,12383,273,4043
2025,4,North-Western,Kalumbila,14513,11586,633,3471
2025,5,North-Western,Kalumbila,7634,6797,144,2513
2025,6,North-Western,Kalumbila,4380,3657,120,1291
2025,7,North-Western,Kalumbila,2705,2316,176,916
2025,8,North-Western,Kalumbila,2990,2472,145,702
2025,9,North-Western,Kalumbila,2234,1830,61,741
2025,10,North-Western,Kalumbila,4409,3607,270,1011
2025,11,North-Western,Kalumbila,4992,4375,106,1364
2025,12,North-Western,Kalumbila,6525,5303,344,2250
2025,1,Northern,Kasama,18090,14993,856,6311
2025,2,Northern,Kasama,20204,17083,991,5799
2025,3,Northern,Kasama,20893,17526,1178,6819
2025,4,Northern,Kasama,14575,12327,817,4814
2025,5,Northern,Kasama,25592,20699,1525,5575
2025,6,Northern,Kasama,7115,5605,433,2494
2025,7,Northern,Kasama,6018,5085,187,2137
2025,8,Northern,Kasama,5492,4667,105,1543
2025,9,Northern,Kasama,4735,4052,318,1301
2025,10,Northern,Kasama,3765,3276,173,1252
2025,11,Northern,Kasama,11107,10192,246,4201
2025,12,Northern,Kasama,9426,8218,535,3621
2025,1,Northern,Mbala,14302,11990,285,4817
2025,2,Northern,Mbala,31072,27074,876,6775
2025,3,Northern,Mbala,34120,28551,1812,8898
2025,4,Northern,Mbala,14467,12649,759,4469
2025,5,Northern,Mbala,19703,17496,772,5578
2025,6,Northern,Mbala,12151,10056,356,3936
2025,7,Northern,Mbala,7558,5997,313,2332
2025,8,Northern,Mbala,7764,7021,209,2092
2025,9,Northern,Mbala,4290,3456,196,1420
2025,10,Northern,Mbala,4752,4007,256,1644
2025,11,Northern,Mbala,10943,9081,578,3251
2025,12,Northern,Mbala,17637,14290,626,5249
2025,1,Northern,Mporokoso,21297,19177,598,6514
2025,2,Northern,Mporokoso,29264,26044,1032,9327
2025,3,Northern,Mporokoso,18100,14722,389,6520
2025,4,Northern,Mporokoso,22780,18923,961,6014
2025,5,Northern,Mporokoso,21664,18309,843,6402
2025,6,Northern,Mporokoso,11389,9292,200,3398
2025,7,Northern,Mporokoso,11948,10048,679,2707
2025,8,Northern,Mporokoso,4300,3711,174,1533
2025,9,Northern,Mporokoso,7134,6379,165,2116
2025,10,Northern,Mporokoso,7717,6844,174,2954
2025,11,Northern,Mporokoso,17524,14596,1120,3997
2025,12,Northern,Mporokoso,22034,18600,1046,5208
2025,1,Northern,Luwingu,9825,8216,231,3642
2025,2,Northern,Luwingu,13031,11629,698,3537
2025,3,Northern,Luwingu,16514,14264,1090,3984
2025,4,Northern,Luwingu,13324,12013,273,3394
2025,5,Northern,Luwingu,11162,9128,675,3162
2025,6,Northern,Luwingu,6895,5840,171,2241
2025,7,Northern,Luwingu,6753,5338,314,1967
2025,8,Northern,Luwingu,5534,4764,295,1554
2025,9,Northern,Luwingu,6181,5237,191,1653
2025,10,Northern,Luwingu,8441,6925,152,2142
2025,11,Northern,Luwingu,7827,6555,261,2019
2025,12,Northern,Luwingu,13231,11315,381,4074
2025,1,Northern,Mungwi,26406,22709,1794,6824
2025,2,Northern,Mungwi,32016,27413,1971,10167
2025,3,Northern,Mungwi,16554,14387,601,6104
2025,4,Northern,Mungwi,21920,18836,986,6780
2025,5,Northern,Mungwi,8565,7415,382,2974
2025,6,Northern,Mungwi,17102,14204,664,4432
2025,7,Northern,Mungwi,7410,6821,227,2682
2025,8,Northern,Mungwi,4759,3907,228,1236
2025,9,Northern,Mungwi,6671,6025,156,1597
2025,10,Northern,Mungwi,10427,8385,474,2505
2025,11,Northern,Mungwi,11546,9871,408,2977
2025,12,Northern,Mungwi,18448,15624,1180,4092
2025,1,Northern,Nsama,19900,16836,855,5418
2025,2,Northern,Nsama,17120,14670,1018,6112
2025,3,Northern,Nsama,26262,21247,1557,6168
2025,4,Northern,Nsama,15703,13384,390,5993
2025,5,Northern,Nsama,9346,7851,460,3362
2025,6,Northern,Nsama,11507,9998,540,2691
2025,7,Northern,Nsama,4793,4104,177,1841
2025,8,Northern,Nsama,6362,5841,152,1660
2025,9,Northern,Nsama,7429,6294,173,1892
2025,10,Northern,Nsama,3987,3286,250,1227
2025,11,Northern,Nsama,10389,8894,439,2474
2025,12,Northern,Nsama,13253,11279,576,4651
2025,1,Northern,Chilubi,16360,13497,766,5557
2025,2,Northern,Chilubi,30071,24706,1186,6245
2025,3,Northern,Chilubi,17432,15794,593,7055
2025,4,Northern,Chilubi,28712,23261,1346,7570
2025,5,Northern,Chilubi,9310,7348,530,2498
2025,6,Northern,Chilubi,7544,6309,251,2406
2025,7,Northern,Chilubi,6555,5276,277,1931
2025,8,Northern,Chilubi,5674,5041,271,1301
2025,9,Northern,Chilubi,4103,3367,209,1050
2025,10,Northern,Chilubi,8825,7606,605,2068
2025,11,Northern,Chilubi,6958,6020,182,2658
2025,12,Northern,Chilubi,19961,17727,1212,4564
2025,1,Northern,Kaputa,16793,14552,804,4005
2025,2,Northern,Kaputa,13597,11485,503,4829
2025,3,Northern,Kaputa,13849,11853,802,5298
2025,4,Northern,Kaputa,23069,21006,601,5746
2025,5,Northern,Kaputa,15807,12675,801,4068
2025,6,Northern,Kaputa,6753,5539,292,2182
2025,7,Northern,Kaputa,10990,8882,506,2611
2025,8,Northern,Kaputa,4282,3703,94,1537
2025,9,Northern,Kaputa,4210,3817,173,1080
2025,10,Northern,Kaputa,5234,4238,198,1808
2025,11,Northern,Kaputa,4141,3433,160,1309
2025,12,Northern,Kaputa,18825,16305,493,4340
2025,1,Northern,Mpulungu,13278,10623,697,4376
2025,2,Northern,Mpulungu,21212,18882,584,6176
2025,3,Northern,Mpulungu,18996,17487,387,6351
2025,4,Northern,Mpulungu,32422,29272,1024,8295
2025,5,Northern,Mpulungu,18135,16750,412,6275
2025,6,Northern,Mpulungu,12559,10580,655,3707
2025,7,Northern,Mpulungu,13169,10716,351,3385
2025,8,Northern,Mpulungu,6087,4993,309,1839
2025,9,Northern,Mpulungu,8588,7831,292,1992
2025,10,Northern,Mpulungu,6305,5120,367,2012
2025,11,Northern,Mpulungu,14730,12628,501,4113
2025,12,Northern,Mpulungu,13129,11228,430,4853
2025,1,Northern,Senga Hill,16697,14582,1118,4092
2025,2,Northern,Senga Hill,17967,15199,567,5018
2025,3,Northern,Senga Hill,18137,14393,1119,6207
2025,4,Northern,Senga Hill,15072,13263,419,3624
2025,5,Northern,Senga Hill,5249,4772,119,1725
2025,6,Northern,Senga Hill,8365,7631,296,2408
2025,7,Northern,Senga Hill,4854,4168,295,1778
2025,8,Northern,Senga Hill,5843,4987,250,1317
2025,9,Northern,Senga Hill,4055,3275,210,1298
2025,10,Northern,Senga Hill,6695,5929,425,1510
2025,11,Northern,Senga Hill,3747,3321,178,1445
2025,12,Northern,Senga Hill,20312,16544,478,4380
2025,1,Northern,Lunte,16329,14619,345,5012
2025,2,Northern,Lunte,18810,15583,1017,5922
2025,3,Northern,Lunte,21038,16549,1184,5476
2025,4,Northern,Lunte,13649,11355,612,3925
2025,5,Northern,Lunte,11877,10188,713,3733
2025,6,Northern,Lunte,13573,11590,548,3177
2025,7,Northern,Lunte,7572,6227,454,2369
2025,8,Northern,Lunte,3820,3070,161,1258
2025,9,Northern,Lunte,4316,3814,146,1461
2025,10,Northern,Lunte,6515,5325,171,1867
2025,11,Northern,Lunte,15884,13203,328,4052
2025,12,Northern,Lunte,11104,9655,366,4149
2025,1,Luapula,Mansa,14510,12905,573,4785
2025,2,Luapula,Mansa,21011,18550,630,5659
2025,3,Luapula,Mansa,23158,20173,655,8168
2025,4,Luapula,Mansa,27036,21214,1337,9501
2025,5,Luapula,Mansa,19522,16641,1184,6749
2025,6,Luapula,Mansa,11162,9265,432,4040
2025,7,Luapula,Mansa,6681,5553,390,2193
2025,8,Luapula,Mansa,6340,5163,308,1800
2025,9,Luapula,Mansa,7557,6373,447,1749
2025,10,Luapula,Mansa,4786,4277,201,1159
2025,11,Luapula,Mansa,13190,10466,632,4464
2025,12,Luapula,Mansa,24404,19446,1156,6107
2025,1,Luapula,Samfya,15439,13916,706,5737
2025,2,Luapula,Samfya,19132,16480,1045,7371
2025,3,Luapula,Samfya,17602,16103,406,6777
2025,4,Luapula,Samfya,17938,14536,1005,6246
2025,5,Luapula,Samfya,21175,17357,468,4421
2025,6,Luapula,Samfya,5811,4837,195,2065
2025,7,Luapula,Samfya,10248,8960,704,2521
2025,8,Luapula,Samfya,5458,4755,107,1878
2025,9,Luapula,Samfya,5734,4668,351,1622
2025,10,Luapula,Samfya,6261,5146,270,1575
2025,11,Luapula,Samfya,11483,10625,220,4086
2025,12,Luapula,Samfya,8502,7080,450,3126
2025,1,Luapula,Nchelenge,26097,22844,653,8402
2025,2,Luapula,Nchelenge,19741,17311,875,6601
2025,3,Luapula,Nchelenge,18545,16318,758,6107
2025,4,Luapula,Nchelenge,30686,25224,532,8259
2025,5,Luapula,Nchelenge,15427,13599,733,4832
2025,6,Luapula,Nchelenge,13455,12081,656,3833
2025,7,Luapula,Nchelenge,10844,9011,602,2305
2025,8,Luapula,Nchelenge,6302,5628,299,2001
2025,9,Luapula,Nchelenge,8073,6780,256,1818
2025,10,Luapula,Nchelenge,7704,6165,361,2496
2025,11,Luapula,Nchelenge,9177,7820,438,3042
2025,12,Luapula,Nchelenge,18294,14904,1036,4677
2025,1,Luapula,Kawambwa,14273,13018,426,5758
2025,2,Luapula,Kawambwa,34615,28649,1693,8165
2025,3,Luapula,Kawambwa,17549,13934,835,6192
2025,4,Luapula,Kawambwa,24783,22385,1004,5648
2025,5,Luapula,Kawambwa,14305,12986,380,3885
2025,6,Luapula,Kawambwa,13044,11377,487,4112
2025,7,Luapula,Kawambwa,9465,7935,366,2050
2025,8,Luapula,Kawambwa,5853,4785,267,1624
2025,9,Luapula,Kawambwa,5527,4844,261,1759
2025,10,Luapula,Kawambwa,4009,3133,246,1265
2025,11,Luapula,Kawambwa,16784,15390,461,3933
2025,12,Luapula,Kawambwa,10633,9375,524,3694
2025,1,Luapula,Mwense,37247,32558,1245,8335
2025,2,Luapula,Mwense,29527,24982,529,10094
2025,3,Luapula,Mwense,35846,31998,1965,10798
2025,4,Luapula,Mwense,23535,20000,1146,7075
2025,5,Luapula,Mwense,14833,12270,577,3615
2025,6,Luapula,Mwense,14208,12034,914,3479
2025,7,Luapula,Mwense,4229,3291,236,1427
2025,8,Luapula,Mwense,7736,6053,426,1603
2025,9,Luapula,Mwense,5989,4753,294,1414
2025,10,Luapula,Mwense,6910,5777,405,2271
2025,11,Luapula,Mwense,11049,10053,417,2890
2025,12,Luapula,Mwense,18705,16179,632,5888
2025,1,Luapula,Chienge,11864,10283,768,3769
2025,2,Luapula,Chienge,15434,13791,461,5263
2025,3,Luapula,Chienge,19127,15863,1110,4000
2025,4,Luapula,Chienge,15272,13403,532,5582
2025,5,Luapula,Chienge,16377,13694,631,4325
2025,6,Luapula,Chienge,8681,7456,461,2723
2025,7,Luapula,Chienge,6235,5252,192,1978
2025,8,Luapula,Chienge,4527,3601,219,1077
2025,9,Luapula,Chienge,4730,3965,105,1102
2025,10,Luapula,Chienge,9308,7898,248,2412
2025,11,Luapula,Chienge,9147,7513,277,2254
2025,12,Luapula,Chienge,13059,10862,468,4537
2025,1,Luapula,Milenge,23014,19492,1277,6461
2025,2,Luapula,Milenge,23179,20435,787,6474
2025,3,Luapula,Milenge,17677,14814,322,5778
2025,4,Luapula,Milenge,19198,15909,661,6326
2025,5,Luapula,Milenge,13714,12366,251,3642
2025,6,Luapula,Milenge,4075,3429,268,1353
2025,7,Luapula,Milenge,5017,4098,309,1138
2025,8,Luapula,Milenge,8294,6635,285,1906
2025,9,Luapula,Milenge,4997,4355,102,1496
2025,10,Luapula,Milenge,4395,3851,257,1676
2025,11,Luapula,Milenge,7835,6737,450,2388
2025,12,Luapula,Milenge,11326,9304,617,3911
2025,1,Luapula,Mwansabombwe,9839,8115,238,3029
2025,2,Luapula,Mwansabombwe,18965,17020,435,4856
2025,3,Luapula,Mwansabombwe,13192,11729,251,4618
2025,4,Luapula,Mwansabombwe,9234,7781,224,3044
2025,5,Luapula,Mwansabombwe,8979,7564,442,2968
2025,6,Luapula,Mwansabombwe,6714,5962,324,2319
2025,7,Luapula,Mwansabombwe,4487,4070,188,1518
2025,8,Luapula,Mwansabombwe,3140,2515,105,890
2025,9,Luapula,Mwansabombwe,2155,1821,61,658
2025,10,Luapula,Mwansabombwe,3514,2846,177,996
2025,11,Luapula,Mwansabombwe,6585,5774,241,1564
2025,12,Luapula,Mwansabombwe,8808,7934,231,3404
2025,1,Luapula,Chipili,11641,10646,263,4600
2025,2,Luapula,Chipili,21779,19989,422,7018
2025,3,Luapula,Chipili,17001,15090,1000,6006
2025,4,Luapula,Chipili,10807,8644,586,3204
2025,5,Luapula,Chipili,11051,9093,466,3837
2025,6,Luapula,Chipili,7627,6668,470,2422
2025,7,Luapula,Chipili,6135,4869,307,1539
2025,8,Luapula,Chipili,2845,2342,185,1003
2025,9,Luapula,Chipili,4992,4276,209,1529
2025,10,Luapula,Chipili,5569,4361,312,1380
2025,11,Luapula,Chipili,8709,7492,451,3300
2025,12,Luapula,Chipili,18306,14624,904,5387
2025,1,Luapula,Chembe,6253,5085,169,2100
2025,2,Luapula,Chembe,8588,7217,540,2558
2025,3,Luapula,Chembe,8785,7365,328,3156
2025,4,Luapula,Chembe,10166,7932,561,2815
2025,5,Luapula,Chembe,7072,5923,383,2286
2025,6,Luapula,Chembe,7299,5754,415,1742
2025,7,Luapula,Chembe,2338,1908,49,815
2025,8,Luapula,Chembe,2618,2135,99,918
2025,9,Luapula,Chembe,4014,3600,120,904
2025,10,Luapula,Chembe,4897,4068,184,1033
2025,11,Luapula,Chembe,11034,8708,597,2496
2025,12,Luapula,Chembe,4428,3682,146,1553
2025,1,Luapula,Chifunabuli,14495,12021,392,4576
2025,2,Luapula,Chifunabuli,23884,20506,601,5627
2025,3,Luapula,Chifunabuli,23613,20316,577,6593
2025,4,Luapula,Chifunabuli,21595,19806,672,6560
2025,5,Luapula,Chifunabuli,8422,7203,388,3166
2025,6,Luapula,Chifunabuli,7034,6059,380,2539
2025,7,Luapula,Chifunabuli,4653,4021,110,1655
2025,8,Luapula,Chifunabuli,3606,3323,87,988
2025,9,Luapula,Chifunabuli,3985,3493,234,1003
2025,10,Luapula,Chifunabuli,6677,5555,205,1889
2025,11,Luapula,Chifunabuli,8906,8044,275,3178
2025,12,Luapula,Chifunabuli,22755,18042,1028,5044
2025,1,Luapula,Lunga,10206,8669,616,3707
2025,2,Luapula,Lunga,13185,11455,911,4864
2025,3,Luapula,Lunga,14167,11980,881,4802
2025,4,Luapula,Lunga,9672,7983,583,3401
2025,5,Luapula,Lunga,6900,5664,355,2267
2025,6,Luapula,Lunga,9941,8328,373,2178
2025,7,Luapula,Lunga,5721,4749,356,1500
2025,8,Luapula,Lunga,2641,2211,106,916
2025,9,Luapula,Lunga,4038,3483,72,1232
2025,10,Luapula,Lunga,3886,3145,111,1315
2025,11,Luapula,Lunga,6259,5339,394,2399
2025,12,Luapula,Lunga,8822,7294,548,2530
2025,1,Muchinga,Chinsali,13455,10756,724,3949
2025,2,Muchinga,Chinsali,12712,11453,470,3731
2025,3,Muchinga,Chinsali,10228,9167,388,3324
2025,4,Muchinga,Chinsali,7384,6125,320,2693
2025,5,Muchinga,Chinsali,9345,7502,476,2882
2025,6,Muchinga,Chinsali,10083,8240,562,2725
2025,7,Muchinga,Chinsali,3667,2990,170,1150
2025,8,Muchinga,Chinsali,4557,3808,222,1305
2025,9,Muchinga,Chinsali,4425,3655,219,1220
2025,10,Muchinga,Chinsali,4821,4340,180,1744
2025,11,Muchinga,Chinsali,4888,3922,252,1330
2025,12,Muchinga,Chinsali,12517,10808,717,3585
2025,1,Muchinga,Mpika,13285,10730,660,2722
2025,2,Muchinga,Mpika,16887,14466,563,4663
2025,3,Muchinga,Mpika,20809,17320,517,4425
2025,4,Muchinga,Mpika,11400,9320,588,4051
2025,5,Muchinga,Mpika,10625,8657,211,2744
2025,6,Muchinga,Mpika,8153,7568,196,1992
2025,7,Muchinga,Mpika,9320,7591,260,2677
2025,8,Muchinga,Mpika,4709,4126,106,1562
2025,9,Muchinga,Mpika,2706,2342,116,978
2025,10,Muchinga,Mpika,4325,3623,127,1260
2025,11,Muchinga,Mpika,7676,6624,414,2783
2025,12,Muchinga,Mpika,6683,5840,225,2556
2025,1,Muchinga,Isoka,17449,15320,845,4317
2025,2,Muchinga,Isoka,20040,18608,468,6162
2025,3,Muchinga,Isoka,12948,11355,790,5046
2025,4,Muchinga,Isoka,28389,23616,1131,6735
2025,5,Muchinga,Isoka,9023,8014,233,3551
2025,6,Muchinga,Isoka,7077,6025,452,2052
2025,7,Muchinga,Isoka,6389,5431,181,2163
2025,8,Muchinga,Isoka,8437,7602,244,2083
2025,9,Muchinga,Isoka,5191,4360,335,1429
2025,10,Muchinga,Isoka,5093,4119,247,1455
2025,11,Muchinga,Isoka,6579,6000,191,2151
2025,12,Muchinga,Isoka,7738,6362,342,2238
2025,1,Muchinga,Nakonde,10194,9261,361,4068
2025,2,Muchinga,Nakonde,12815,11305,599,4688
2025,3,Muchinga,Nakonde,14860,12413,619,4489
2025,4,Muchinga,Nakonde,9652,8087,362,3373
2025,5,Muchinga,Nakonde,11088,9820,481,3678
2025,6,Muchinga,Nakonde,8474,6926,235,1788
2025,7,Muchinga,Nakonde,5613,4672,224,1773
2025,8,Muchinga,Nakonde,4406,4029,122,1400
2025,9,Muchinga,Nakonde,3126,2857,81,1089
2025,10,Muchinga,Nakonde,5583,4830,105,1762
2025,11,Muchinga,Nakonde,7802,7091,174,2108
2025,12,Muchinga,Nakonde,9001,7358,334,3027
2025,1,Muchinga,Mafinga,26787,22746,1279,6707
2025,2,Muchinga,Mafinga,17281,15211,1060,4966
2025,3,Muchinga,Mafinga,22296,18797,1216,6101
2025,4,Muchinga,Mafinga,18878,15478,876,5573
2025,5,Muchinga,Mafinga,16314,13890,379,5767
2025,6,Muchinga,Mafinga,7914,6745,216,2993
2025,7,Muchinga,Mafinga,8404,6923,547,2150
2025,8,Muchinga,Mafinga,4956,4138,185,1362
2025,9,Muchinga,Mafinga,4271,3798,176,1550
2025,10,Muchinga,Mafinga,7398,5843,328,1546
2025,11,Muchinga,Mafinga,12370,10924,764,2780
2025,12,Muchinga,Mafinga,13449,11618,801,4661
2025,1,Muchinga,Chama,12413,10896,853,4262
2025,2,Muchinga,Chama,13208,11496,479,4523
2025,3,Muchinga,Chama,26482,23253,762,6482
2025,4,Muchinga,Chama,29135,24267,1221,7852
2025,5,Muchinga,Chama,11047,9852,430,3699
2025,6,Muchinga,Chama,12846,10905,541,3259
2025,7,Muchinga,Chama,5035,4289,289,1848
2025,8,Muchinga,Chama,4163,3717,96,1609
2025,9,Muchinga,Chama,4837,3964,133,1479
2025,10,Muchinga,Chama,9535,8140,272,2644
2025,11,Muchinga,Chama,16394,13460,830,4326
2025,12,Muchinga,Chama,22750,18712,778,6269
2025,1,Muchinga,Lavushimanda,24713,19598,1065,6557
2025,2,Muchinga,Lavushimanda,14855,13006,552,5611
2025,3,Muchinga,Lavushimanda,21217,16842,1002,4930
2025,4,Muchinga,Lavushimanda,26797,22869,753,6351
2025,5,Muchinga,Lavushimanda,8641,7294,464,3053
2025,6,Muchinga,Lavushimanda,10616,8829,487,2328
2025,7,Muchinga,Lavushimanda,7269,6034,330,2155
2025,8,Muchinga,Lavushimanda,4643,3747,131,1334
2025,9,Muchinga,Lavushimanda,6184,5265,280,1689
2025,10,Muchinga,Lavushimanda,6653,5447,398,1545
2025,11,Muchinga,Lavushimanda,9848,8812,351,3625
2025,12,Muchinga,Lavushimanda,9463,8188,429,3490
2025,1,Muchinga,Kanchibiya,15438,11983,905,4846
2025,2,Muchinga,Kanchibiya,29516,23822,1824,6481
2025,3,Muchinga,Kanchibiya,32710,25872,1897,6674
2025,4,Muchinga,Kanchibiya,16049,13669,741,4872
2025,5,Muchinga,Kanchibiya,10712,8855,274,3502
2025,6,Muchinga,Kanchibiya,8310,6999,192,3053
2025,7,Muchinga,Kanchibiya,6161,5159,284,1474
2025,8,Muchinga,Kanchibiya,4860,4118,278,1623
2025,9,Muchinga,Kanchibiya,8715,7290,182,1859
2025,10,Muchinga,Kanchibiya,8185,6511,426,2471
2025,11,Muchinga,Kanchibiya,19148,17178,879,4758
2025,12,Muchinga,Kanchibiya,15544,13105,944,4441
2025,1,Muchinga,Shiwang'andu,16005,13486,368,3651
2025,2,Muchinga,Shiwang'andu,15193,13466,335,3908
2025,3,Muchinga,Shiwang'andu,22555,19268,1149,6709
2025,4,Muchinga,Shiwang'andu,31391,26226,746,7649
2025,5,Muchinga,Shiwang'andu,9801,8008,292,3181
2025,6,Muchinga,Shiwang'andu,6769,5652,334,1943
2025,7,Muchinga,Shiwang'andu,8649,7047,365,2340
2025,8,Muchinga,Shiwang'andu,4062,3437,115,1094
2025,9,Muchinga,Shiwang'andu,6625,5281,383,2042
2025,10,Muchinga,Shiwang'andu,6198,5399,156,1843
2025,11,Muchinga,Shiwang'andu,7863,6442,490,2061
2025,12,Muchinga,Shiwang'andu,12808,11521,476,4294
